distance_km,hour,day_of_week,area_type,historical_speed,eta_minutes
8.77,19,Sunday,residential,21.62,36.51
4.71,6,Wednesday,residential,19.99,14.14
2.31,6,Friday,residential,35.31,3.93
13.64,14,Sunday,residential,23.73,34.49
5.0,11,Friday,residential,24.71,12.14
15.0,4,Wednesday,commercial,26.15,41.3
3.34,21,Monday,residential,30.1,6.66
4.74,23,Sunday,commercial,22.45,15.2
1.42,11,Tuesday,commercial,15.73,6.5
3.34,3,Wednesday,residential,25.4,7.89
12.85,18,Friday,commercial,22.37,58.59
3.28,9,Friday,residential,19.02,15.52
11.59,17,Wednesday,commercial,17.37,68.06
19.02,19,Sunday,commercial,32.57,59.57
21.52,1,Sunday,residential,20.53,62.89
8.82,16,Sunday,commercial,38.8,16.37
7.48,4,Monday,commercial,28.44,18.94
6.72,19,Monday,residential,39.85,15.18
11.57,14,Thursday,commercial,22.79,36.55
13.84,10,Friday,commercial,28.76,49.08
22.52,0,Sunday,commercial,20.4,79.48
8.27,18,Friday,commercial,32.11,26.27
2.21,13,Monday,commercial,21.2,7.51
15.35,22,Tuesday,commercial,31.96,34.58
14.33,11,Friday,commercial,16.24,63.53
10.14,18,Friday,commercial,22.69,45.58
18.75,16,Sunday,commercial,32.97,40.95
16.51,8,Thursday,commercial,25.21,66.8
21.86,11,Friday,residential,29.13,45.03
15.55,2,Saturday,commercial,27.44,40.8
12.56,21,Friday,commercial,24.87,36.36
11.78,15,Thursday,residential,30.38,23.27
4.08,18,Monday,commercial,20.92,19.89
16.59,5,Tuesday,commercial,33.75,35.39
9.68,0,Thursday,residential,18.23,31.86
19.28,20,Sunday,residential,39.13,29.56
12.53,0,Monday,residential,24.28,30.96
10.57,20,Wednesday,commercial,28.98,26.26
8.84,0,Saturday,commercial,24.06,26.45
7.7,19,Sunday,commercial,22.29,35.24
2.54,9,Thursday,commercial,34.18,7.58
2.29,8,Sunday,residential,23.49,8.77
11.36,9,Tuesday,commercial,33.2,34.9
12.79,2,Wednesday,residential,28.08,27.33
20.76,23,Saturday,commercial,28.77,51.95
3.67,9,Thursday,commercial,27.12,13.8
13.41,23,Sunday,commercial,37.53,25.73
7.07,20,Saturday,residential,19.06,22.26
10.39,2,Monday,residential,28.48,21.89
6.74,13,Sunday,residential,38.37,10.54
4.23,5,Friday,residential,19.56,12.98
15.47,19,Monday,residential,36.3,38.36
9.4,20,Thursday,residential,29.07,19.4
10.28,1,Sunday,commercial,24.7,29.97
14.37,8,Tuesday,residential,26.44,48.91
15.43,18,Wednesday,residential,19.99,69.47
16.71,6,Friday,residential,21.13,47.45
4.97,20,Sunday,commercial,19.42,18.43
14.17,14,Sunday,commercial,36.05,28.3
22.04,16,Friday,commercial,16.84,94.23
1.95,5,Tuesday,commercial,36.52,3.84
17.11,11,Sunday,commercial,31.02,39.71
5.12,22,Wednesday,residential,33.42,9.19
1.19,22,Sunday,commercial,37.72,2.27
23.65,13,Friday,commercial,19.93,85.44
1.72,20,Sunday,residential,36.93,2.79
23.13,17,Sunday,residential,26.89,77.42
11.71,15,Friday,residential,27.85,25.23
11.74,13,Saturday,residential,16.91,41.66
19.84,11,Saturday,residential,23.15,51.42
24.62,3,Monday,residential,17.01,86.84
3.55,9,Saturday,commercial,35.77,10.12
4.72,7,Wednesday,residential,27.02,10.48
6.83,0,Friday,residential,19.61,20.9
11.21,17,Tuesday,residential,33.42,30.19
19.55,2,Sunday,commercial,39.53,35.61
23.88,20,Thursday,residential,33.76,42.44
5.02,23,Wednesday,residential,24.0,12.55
22.23,16,Monday,commercial,19.07,83.93
23.72,21,Thursday,residential,15.89,89.57
2.56,1,Tuesday,commercial,15.67,11.76
13.35,19,Monday,residential,19.73,60.9
17.03,11,Sunday,residential,39.72,25.73
16.84,8,Thursday,residential,22.13,68.49
14.95,6,Sunday,commercial,25.7,41.88
18.56,22,Thursday,commercial,34.67,38.54
13.52,9,Sunday,commercial,15.48,89.09
18.61,21,Wednesday,commercial,25.34,52.88
1.8,23,Wednesday,commercial,32.62,3.97
24.57,8,Wednesday,residential,35.88,61.63
6.58,20,Monday,residential,30.67,12.87
6.28,0,Tuesday,residential,38.92,9.68
10.77,19,Friday,residential,28.3,34.25
22.26,19,Monday,commercial,36.73,61.82
15.75,14,Tuesday,residential,21.25,44.47
18.34,23,Saturday,commercial,23.26,56.77
17.38,23,Sunday,commercial,26.21,47.74
8.9,7,Friday,commercial,19.08,33.58
11.04,9,Monday,residential,24.0,41.4
9.53,3,Friday,commercial,22.55,30.43
10.72,16,Tuesday,commercial,15.93,48.45
7.85,9,Friday,commercial,23.79,33.66
18.57,4,Monday,residential,36.44,30.58
9.64,19,Friday,residential,36.28,23.91
24.43,7,Tuesday,commercial,31.1,56.56
18.71,10,Saturday,commercial,19.7,96.87
13.54,2,Tuesday,residential,21.05,38.59
24.26,7,Wednesday,residential,36.54,39.84
20.97,2,Monday,residential,31.29,40.21
24.26,0,Saturday,commercial,33.54,52.08
15.56,13,Friday,commercial,17.84,62.8
4.58,17,Saturday,commercial,35.65,13.1
11.38,9,Sunday,commercial,19.71,58.89
16.4,10,Friday,residential,18.95,77.89
22.1,12,Monday,residential,17.46,75.95
22.59,17,Sunday,commercial,35.48,64.94
5.93,17,Monday,commercial,19.84,30.49
23.06,8,Tuesday,commercial,17.03,138.12
2.32,13,Tuesday,commercial,17.46,9.57
21.54,12,Tuesday,residential,17.21,75.1
16.1,4,Sunday,residential,25.89,37.31
16.4,2,Sunday,commercial,27.76,42.54
13.05,7,Thursday,residential,37.61,20.82
17.72,19,Wednesday,commercial,20.65,87.53
24.09,23,Wednesday,commercial,21.76,79.71
19.45,7,Wednesday,commercial,31.9,43.9
7.91,21,Friday,commercial,16.21,35.13
4.15,23,Tuesday,commercial,37.42,7.99
19.92,5,Saturday,residential,19.81,60.33
20.54,12,Thursday,commercial,37.86,39.06
7.52,9,Sunday,residential,17.41,38.87
13.79,0,Monday,residential,37.91,21.83
4.99,0,Tuesday,commercial,34.9,10.29
14.74,4,Wednesday,residential,15.0,58.96
14.05,11,Tuesday,residential,20.58,40.96
17.34,17,Thursday,commercial,37.5,47.16
10.52,14,Tuesday,commercial,17.45,43.41
14.6,16,Monday,commercial,27.56,38.14
6.51,2,Wednesday,commercial,28.97,16.18
6.26,4,Tuesday,commercial,35.74,12.61
5.41,4,Monday,residential,38.98,8.33
11.74,6,Wednesday,residential,15.42,45.68
5.44,9,Friday,commercial,31.33,17.71
23.56,5,Friday,residential,36.87,38.34
18.79,14,Saturday,residential,34.04,33.12
2.78,17,Sunday,commercial,33.5,8.46
20.93,5,Wednesday,residential,27.94,44.95
21.64,18,Wednesday,commercial,32.94,67.01
5.21,3,Sunday,residential,32.49,9.62
15.54,21,Sunday,commercial,35.99,31.09
14.55,23,Tuesday,residential,21.57,40.47
4.52,16,Saturday,commercial,25.29,12.87
22.16,9,Friday,commercial,33.78,66.91
24.98,11,Sunday,commercial,33.84,53.15
3.74,1,Monday,commercial,34.95,7.7
3.25,1,Thursday,commercial,21.34,10.97
14.59,7,Thursday,residential,31.2,28.06
1.42,17,Sunday,commercial,30.09,4.81
14.86,2,Thursday,commercial,28.86,37.07
4.45,3,Friday,residential,23.7,11.27
20.49,10,Saturday,commercial,24.91,83.9
13.0,21,Friday,residential,16.83,46.35
17.51,18,Sunday,commercial,22.42,79.66
9.32,14,Sunday,residential,21.01,26.62
7.23,12,Saturday,commercial,22.88,22.75
16.56,21,Saturday,commercial,34.39,34.67
17.25,4,Monday,residential,25.93,39.92
13.84,22,Saturday,commercial,16.56,60.17
4.41,23,Wednesday,commercial,35.74,8.88
3.59,23,Tuesday,commercial,32.3,8.0
2.93,15,Thursday,commercial,20.01,10.54
14.76,20,Saturday,commercial,30.92,34.37
3.64,6,Thursday,residential,25.5,8.56
4.53,17,Tuesday,commercial,31.12,14.85
16.79,18,Monday,commercial,20.81,82.3
9.26,21,Tuesday,residential,27.5,20.2
9.24,7,Tuesday,residential,39.63,13.99
3.42,11,Sunday,commercial,37.68,6.54
18.58,16,Saturday,commercial,36.25,36.9
24.31,4,Sunday,residential,22.18,65.76
4.97,12,Sunday,residential,37.86,7.88
12.85,19,Monday,commercial,32.6,40.21
14.47,17,Monday,residential,21.7,60.01
5.56,10,Thursday,residential,27.66,18.09
10.71,10,Tuesday,residential,33.27,28.97
12.76,19,Sunday,residential,31.96,35.93
17.59,12,Tuesday,residential,16.31,64.71
3.57,14,Thursday,commercial,23.32,11.02
16.43,13,Friday,commercial,25.63,46.16
1.49,6,Thursday,residential,31.2,2.87
14.8,15,Monday,commercial,21.24,50.17
21.17,20,Monday,residential,20.64,61.54
15.72,0,Friday,residential,31.95,29.52
14.19,21,Wednesday,residential,31.09,27.39
17.62,10,Sunday,residential,36.23,43.77
21.42,10,Saturday,commercial,29.56,73.91
21.3,4,Tuesday,commercial,23.47,65.34
1.56,13,Monday,residential,16.6,5.64
10.18,7,Thursday,commercial,36.14,20.28
19.7,1,Wednesday,commercial,30.2,46.97
5.39,12,Monday,commercial,39.81,9.75
16.47,7,Friday,residential,29.35,33.67
2.21,21,Sunday,commercial,22.65,7.03
18.11,10,Monday,residential,24.36,66.91
22.44,9,Wednesday,residential,18.06,111.83
19.52,11,Friday,residential,18.33,63.9
11.38,20,Wednesday,residential,19.54,34.94
6.55,15,Friday,commercial,16.71,28.22
7.19,22,Tuesday,commercial,35.71,14.5
19.91,2,Thursday,commercial,21.11,67.91
22.36,11,Thursday,residential,21.68,61.88
18.53,23,Saturday,residential,15.11,73.58
17.42,1,Saturday,commercial,15.62,80.3
21.3,4,Friday,residential,22.88,55.86
11.01,22,Saturday,residential,23.01,28.71
22.16,0,Saturday,commercial,36.14,44.15
1.75,1,Wednesday,commercial,21.08,5.98
18.2,15,Thursday,commercial,33.87,38.69
12.54,1,Wednesday,commercial,32.83,27.5
3.03,15,Monday,commercial,28.02,7.79
13.43,16,Friday,commercial,34.77,27.81
15.43,13,Thursday,residential,31.08,29.79
9.7,22,Monday,residential,39.19,14.85
11.89,15,Saturday,commercial,15.96,53.64
1.01,5,Friday,commercial,37.53,1.94
14.3,6,Saturday,commercial,21.85,47.12
10.0,14,Friday,residential,30.32,19.79
17.41,1,Tuesday,residential,37.22,28.07
5.24,10,Sunday,residential,25.99,18.15
17.15,4,Wednesday,commercial,39.35,31.38
6.06,8,Thursday,residential,17.85,30.55
21.33,11,Friday,commercial,27.55,55.74
17.34,3,Friday,residential,34.94,29.78
2.7,17,Tuesday,commercial,34.69,7.94
3.73,17,Wednesday,residential,23.94,14.02
19.98,5,Monday,residential,26.96,44.47
10.67,18,Monday,residential,16.48,58.27
18.41,3,Monday,commercial,15.46,85.74
18.22,20,Wednesday,commercial,33.57,39.08
4.7,2,Thursday,residential,22.56,12.5
8.99,21,Thursday,commercial,21.89,29.57
3.4,3,Sunday,commercial,37.63,6.51
6.0,22,Thursday,commercial,16.12,26.8
3.13,20,Friday,residential,35.31,5.32
6.38,9,Saturday,commercial,25.85,25.17
6.47,1,Wednesday,commercial,33.93,13.73
9.76,6,Tuesday,commercial,35.55,19.77
12.72,4,Monday,commercial,34.55,26.51
16.72,12,Wednesday,residential,15.21,65.96
22.38,19,Sunday,commercial,28.56,79.93
24.96,9,Wednesday,residential,38.46,58.41
24.43,5,Thursday,residential,38.82,37.76
21.45,18,Thursday,commercial,16.79,130.31
5.15,20,Sunday,residential,35.13,8.8
4.89,23,Saturday,residential,37.12,7.9
6.64,20,Thursday,commercial,28.28,16.91
6.36,2,Wednesday,commercial,39.14,11.7
7.5,19,Thursday,commercial,28.4,26.94
19.62,18,Friday,commercial,27.65,72.38
23.85,17,Friday,commercial,26.33,92.39
13.97,0,Wednesday,residential,21.46,39.06
18.01,1,Wednesday,commercial,30.92,41.94
1.38,10,Wednesday,commercial,23.59,5.97
14.49,19,Thursday,residential,27.78,46.94
5.2,12,Tuesday,residential,39.41,7.92
24.79,11,Friday,commercial,15.04,118.68
11.1,7,Saturday,residential,26.69,24.95
7.74,13,Tuesday,residential,23.35,19.89
6.68,7,Thursday,residential,32.96,12.16
9.98,21,Thursday,residential,28.92,20.71
2.77,0,Thursday,commercial,25.37,7.86
22.08,0,Sunday,commercial,28.12,56.53
15.78,3,Thursday,residential,18.82,50.31
5.77,15,Wednesday,commercial,28.16,14.75
9.05,17,Saturday,commercial,29.91,30.86
1.84,14,Tuesday,commercial,18.17,7.29
1.24,18,Tuesday,residential,29.35,3.8
6.36,7,Wednesday,commercial,27.31,16.77
22.77,0,Monday,commercial,39.31,41.71
4.24,11,Tuesday,residential,26.71,9.52
4.52,11,Wednesday,commercial,37.86,8.6
10.17,16,Friday,commercial,38.93,18.81
18.82,4,Saturday,residential,39.47,28.61
17.51,14,Thursday,commercial,16.89,74.64
19.42,8,Monday,commercial,27.3,72.56
15.09,14,Monday,commercial,15.87,68.46
4.32,8,Friday,commercial,37.81,11.65
23.56,21,Saturday,commercial,37.91,44.75
21.45,2,Sunday,commercial,17.54,88.05
17.87,9,Wednesday,residential,18.39,87.46
4.3,13,Monday,commercial,25.15,12.31
14.43,7,Sunday,residential,30.6,28.29
3.85,15,Tuesday,residential,28.02,8.24
17.37,2,Tuesday,commercial,37.42,33.42
2.02,3,Thursday,residential,30.81,3.93
24.43,13,Monday,residential,21.37,68.59
14.54,15,Friday,residential,23.49,37.14
19.99,6,Sunday,commercial,24.65,58.39
12.32,17,Thursday,commercial,17.63,71.28
21.7,19,Saturday,residential,16.36,119.38
1.43,10,Tuesday,commercial,23.9,6.1
9.04,8,Monday,residential,33.34,24.4
11.41,20,Sunday,residential,27.29,25.09
9.05,23,Thursday,commercial,15.27,42.67
23.26,2,Sunday,commercial,39.95,41.92
13.73,14,Saturday,residential,20.49,40.2
23.24,17,Friday,commercial,27.15,87.31
20.48,18,Thursday,residential,19.53,94.38
24.44,7,Wednesday,residential,31.26,46.91
15.9,15,Sunday,residential,24.87,38.36
2.81,9,Sunday,commercial,35.81,8.0
24.37,15,Wednesday,commercial,38.95,45.05
19.17,5,Saturday,commercial,16.95,81.43
9.1,3,Tuesday,residential,34.75,15.71
4.8,1,Thursday,commercial,18.85,18.33
19.31,0,Sunday,residential,31.1,37.25
10.41,2,Tuesday,residential,19.83,31.5
18.38,5,Wednesday,commercial,36.28,36.48
4.26,15,Saturday,commercial,22.8,13.45
12.71,23,Wednesday,commercial,39.09,23.41
9.31,3,Wednesday,commercial,22.58,29.69
17.4,7,Thursday,residential,33.06,31.58
4.98,1,Friday,commercial,34.28,10.46
9.1,8,Thursday,residential,31.17,26.28
17.13,2,Saturday,residential,20.63,49.82
2.93,21,Saturday,commercial,24.49,8.61
18.78,9,Thursday,commercial,28.56,67.07
10.78,21,Tuesday,residential,27.59,23.44
4.39,23,Saturday,residential,27.73,9.5
23.25,3,Monday,commercial,16.23,103.14
9.1,3,Sunday,commercial,19.77,33.14
15.02,9,Tuesday,commercial,36.76,41.68
1.25,8,Wednesday,residential,38.26,2.94
19.92,10,Monday,residential,33.33,53.79
3.17,2,Thursday,commercial,24.22,9.42
23.7,9,Friday,commercial,20.98,115.22
3.77,10,Sunday,commercial,15.09,25.48
3.39,15,Saturday,commercial,23.04,10.59
13.88,8,Monday,residential,32.21,38.78
22.5,9,Monday,residential,15.65,129.39
17.94,4,Thursday,commercial,24.82,52.04
24.87,10,Friday,commercial,24.75,102.49
21.11,5,Saturday,commercial,33.73,45.06
22.0,4,Tuesday,commercial,17.99,88.05
14.95,10,Sunday,residential,20.88,64.44
20.39,17,Thursday,residential,31.24,58.74
15.23,8,Tuesday,residential,22.0,62.3
15.54,11,Thursday,residential,25.46,36.62
2.82,6,Wednesday,commercial,36.02,5.64
16.31,9,Thursday,residential,15.79,92.96
14.73,10,Sunday,residential,19.61,67.6
11.02,2,Saturday,residential,33.81,19.56
4.39,9,Wednesday,residential,25.78,15.33
4.08,13,Wednesday,commercial,17.57,16.72
15.0,18,Tuesday,commercial,21.26,71.97
4.88,4,Tuesday,commercial,19.79,17.75
6.7,11,Sunday,commercial,22.24,21.69
24.15,9,Monday,residential,26.44,82.2
6.16,10,Friday,residential,31.49,17.61
3.15,5,Monday,commercial,36.56,6.2
1.07,3,Thursday,commercial,17.94,4.29
3.9,21,Monday,residential,17.16,13.64
1.14,8,Thursday,residential,31.3,3.28
24.18,10,Saturday,residential,32.08,67.84
13.37,3,Monday,residential,18.45,43.48
12.45,10,Tuesday,commercial,17.04,74.52
20.09,13,Tuesday,commercial,39.47,36.65
11.06,18,Saturday,residential,30.77,32.35
12.43,21,Thursday,commercial,29.2,30.65
18.03,5,Wednesday,residential,31.6,34.23
5.75,1,Saturday,residential,34.69,9.95
12.94,20,Wednesday,residential,25.31,30.68
23.84,23,Friday,residential,39.75,35.98
19.07,1,Friday,commercial,25.03,54.86
20.38,22,Monday,commercial,24.98,58.74
14.15,21,Tuesday,residential,23.05,36.83
21.92,23,Wednesday,residential,24.75,53.14
23.87,20,Sunday,residential,19.91,71.93
16.72,4,Monday,commercial,26.63,45.21
21.36,8,Friday,commercial,39.09,55.74
16.28,3,Thursday,commercial,20.8,56.35
9.43,2,Wednesday,residential,32.25,17.54
11.81,8,Wednesday,residential,17.82,59.65
8.58,1,Saturday,commercial,22.55,27.4
20.87,16,Friday,commercial,32.94,45.62
4.98,19,Friday,commercial,24.21,20.98
19.61,8,Saturday,commercial,16.02,124.86
10.79,4,Friday,commercial,22.63,34.33
20.78,8,Friday,commercial,34.09,62.18
12.24,3,Tuesday,commercial,22.45,39.26
5.19,21,Thursday,commercial,18.05,20.7
16.82,14,Wednesday,residential,20.42,49.42
2.7,6,Monday,commercial,32.2,6.04
12.45,16,Sunday,residential,31.48,23.73
3.58,8,Monday,commercial,39.53,9.24
17.0,14,Sunday,commercial,29.47,41.53
6.35,4,Saturday,commercial,24.93,18.34
6.44,18,Friday,commercial,25.41,25.85
19.49,10,Friday,residential,28.92,60.65
8.15,23,Tuesday,residential,31.36,15.59
14.84,19,Friday,commercial,27.66,54.72
9.62,13,Monday,residential,27.29,21.15
16.9,18,Friday,residential,39.98,38.04
21.91,2,Monday,commercial,26.03,60.6
17.3,16,Wednesday,commercial,19.95,62.44
12.3,10,Wednesday,residential,16.35,67.71
22.36,0,Friday,commercial,36.71,43.86
19.13,21,Monday,commercial,29.16,47.23
11.86,11,Thursday,commercial,22.71,37.6
18.73,12,Monday,commercial,34.75,38.81
16.76,13,Tuesday,commercial,30.89,39.07
4.06,12,Saturday,commercial,21.04,13.89
8.42,15,Monday,residential,33.61,15.03
12.56,10,Wednesday,residential,19.86,56.92
24.02,5,Tuesday,residential,24.24,59.46
19.14,18,Friday,residential,37.4,46.06
21.56,4,Wednesday,residential,25.84,50.06
12.96,14,Tuesday,residential,37.06,20.98
7.31,2,Sunday,commercial,25.97,20.27
23.12,21,Friday,residential,26.18,52.99
16.93,4,Thursday,commercial,31.26,38.99
8.11,23,Monday,residential,23.93,20.33
24.13,11,Sunday,commercial,39.76,43.7
15.03,2,Wednesday,commercial,18.9,57.26
22.73,4,Thursday,commercial,26.12,62.66
6.97,7,Monday,commercial,16.46,30.49
15.45,8,Thursday,commercial,33.51,47.03
16.62,0,Tuesday,residential,32.57,30.62
18.28,15,Sunday,commercial,38.7,34.01
19.39,9,Wednesday,commercial,27.61,71.63
22.69,20,Monday,residential,17.32,78.6
23.76,10,Thursday,residential,17.98,118.93
18.58,22,Wednesday,residential,27.94,39.9
11.45,11,Friday,residential,39.28,17.49
18.12,9,Thursday,residential,21.25,76.74
19.88,9,Wednesday,commercial,30.05,67.48
10.9,18,Monday,residential,32.54,30.15
12.93,10,Sunday,commercial,25.81,51.1
18.25,10,Monday,residential,21.02,78.14
14.53,19,Monday,residential,34.06,38.39
23.32,9,Friday,residential,21.54,97.44
12.17,1,Tuesday,commercial,30.79,28.46
6.58,15,Wednesday,commercial,26.81,17.67
11.49,22,Friday,residential,19.85,34.73
13.76,23,Sunday,commercial,23.44,42.27
14.95,6,Saturday,commercial,36.54,29.46
21.33,15,Sunday,residential,28.59,44.76
23.23,15,Saturday,residential,29.52,47.22
20.32,8,Tuesday,residential,21.81,83.85
18.45,10,Monday,commercial,35.45,53.09
18.74,12,Monday,commercial,19.25,70.09
24.0,17,Thursday,commercial,36.24,67.55
22.58,6,Sunday,residential,24.7,54.85
7.16,10,Wednesday,residential,30.45,21.16
13.42,11,Wednesday,residential,35.44,22.72
23.44,1,Saturday,commercial,31.36,53.82
15.49,21,Monday,commercial,36.64,30.44
18.31,10,Friday,commercial,16.48,113.33
19.78,16,Friday,commercial,30.37,46.89
17.03,7,Friday,residential,39.12,26.12
17.11,15,Thursday,commercial,26.37,46.72
22.78,15,Saturday,residential,21.4,63.87
8.76,15,Tuesday,commercial,20.01,31.52
22.09,17,Thursday,residential,25.64,77.54
18.35,20,Thursday,residential,33.02,33.34
7.25,17,Thursday,commercial,27.78,26.62
23.29,5,Saturday,commercial,19.58,85.64
12.74,8,Monday,residential,33.19,34.55
1.33,23,Sunday,residential,23.9,3.34
16.53,12,Thursday,commercial,15.5,76.78
23.07,8,Thursday,commercial,38.22,61.57
20.54,0,Monday,residential,35.2,35.01
19.21,9,Saturday,residential,36.4,47.5
19.16,2,Saturday,commercial,22.65,60.91
8.98,1,Thursday,commercial,38.8,16.66
3.75,5,Friday,residential,22.66,9.93
9.5,7,Saturday,commercial,39.2,17.45
22.21,21,Sunday,commercial,36.08,44.32
19.9,13,Thursday,commercial,21.54,66.52
23.43,5,Wednesday,commercial,18.04,93.51
5.87,13,Thursday,residential,36.32,9.7
7.9,17,Thursday,commercial,17.44,46.2
18.68,2,Tuesday,residential,22.85,49.05
21.72,16,Saturday,commercial,29.91,52.28
22.25,23,Wednesday,residential,17.56,76.03
18.71,10,Saturday,commercial,18.23,104.69
8.02,0,Friday,residential,27.72,17.36
23.82,9,Thursday,commercial,39.03,62.25
7.92,21,Friday,residential,19.3,24.62
14.11,16,Sunday,commercial,38.59,26.33
2.36,1,Wednesday,commercial,22.68,7.49
13.85,4,Monday,commercial,36.57,27.27
9.24,0,Thursday,residential,25.29,21.92
1.47,14,Tuesday,residential,22.43,3.93
6.09,21,Thursday,residential,22.5,16.24
5.28,7,Saturday,commercial,38.17,9.96
8.62,22,Saturday,residential,32.42,15.95
22.08,22,Friday,residential,21.26,62.31
24.87,20,Saturday,residential,15.53,96.08
14.16,10,Monday,commercial,34.08,42.38
24.39,15,Saturday,commercial,24.03,73.08
24.39,19,Thursday,commercial,20.3,122.55
24.1,11,Tuesday,residential,23.38,61.85
24.06,4,Monday,residential,32.95,43.81
22.5,17,Wednesday,residential,33.31,60.79
19.96,11,Saturday,residential,30.49,39.28
16.77,21,Saturday,commercial,26.68,45.26
18.71,14,Friday,residential,25.46,44.09
22.75,8,Saturday,residential,27.34,74.89
2.91,13,Tuesday,commercial,23.4,8.95
20.9,22,Saturday,commercial,35.57,42.31
6.47,16,Thursday,residential,32.01,12.13
21.52,9,Friday,commercial,33.96,64.64
9.09,21,Saturday,residential,31.39,17.37
9.89,23,Thursday,commercial,37.37,19.05
20.41,23,Sunday,commercial,23.43,62.72
13.91,12,Monday,residential,34.43,24.24
2.47,21,Tuesday,commercial,17.11,10.39
19.75,21,Wednesday,commercial,25.78,55.16
6.39,0,Friday,commercial,21.24,21.66
22.28,23,Thursday,residential,26.82,49.84
2.22,5,Monday,residential,36.66,3.63
16.45,15,Friday,residential,30.83,32.01
8.14,10,Friday,residential,29.72,24.65
19.44,10,Friday,commercial,34.45,57.56
9.72,21,Wednesday,residential,28.17,20.7
7.54,5,Friday,commercial,20.95,25.91
3.39,10,Sunday,residential,33.94,8.99
16.55,5,Monday,commercial,20.68,57.62
17.58,20,Thursday,residential,15.93,66.21
21.09,23,Sunday,commercial,21.89,69.37
20.05,20,Thursday,commercial,28.05,51.47
8.56,16,Tuesday,commercial,20.34,30.3
9.68,14,Monday,commercial,23.45,29.72
9.55,22,Friday,residential,20.48,27.98
5.08,8,Wednesday,residential,24.75,18.47
2.61,16,Friday,residential,27.59,5.68
20.6,16,Monday,commercial,31.89,46.51
19.02,17,Friday,commercial,20.18,96.14
18.4,19,Friday,residential,19.56,84.66
14.92,6,Tuesday,commercial,38.13,28.17
19.55,17,Monday,commercial,29.06,68.62
7.79,7,Monday,commercial,24.15,23.22
18.61,11,Monday,commercial,25.04,53.51
9.12,9,Tuesday,residential,30.97,26.5
24.44,9,Saturday,residential,39.99,55.0
9.83,16,Sunday,commercial,38.8,18.24
14.11,15,Saturday,residential,29.21,28.98
12.26,14,Tuesday,commercial,36.41,24.24
17.69,15,Thursday,residential,35.56,29.85
14.91,15,Wednesday,commercial,25.67,41.82
5.8,10,Thursday,residential,24.17,21.6
9.21,14,Sunday,commercial,37.62,17.63
10.73,19,Monday,commercial,31.54,34.7
5.98,12,Wednesday,commercial,38.57,11.16
3.25,18,Wednesday,residential,36.69,7.97
17.17,13,Sunday,commercial,29.6,41.76
6.84,16,Sunday,commercial,30.97,15.9
23.97,15,Monday,commercial,27.99,61.66
12.09,2,Sunday,commercial,35.33,24.64
21.24,19,Tuesday,commercial,38.2,56.71
17.15,3,Thursday,commercial,27.38,45.1
9.73,16,Sunday,residential,23.47,24.87
14.04,6,Tuesday,commercial,37.92,26.66
10.19,5,Wednesday,commercial,23.87,30.74
7.64,20,Monday,residential,28.92,15.85
24.57,1,Sunday,residential,26.72,55.17
20.16,5,Tuesday,commercial,38.38,37.82
10.48,23,Wednesday,residential,19.13,32.87
1.54,5,Wednesday,residential,36.39,2.54
13.7,14,Thursday,residential,22.28,36.89
7.51,9,Tuesday,commercial,36.56,20.95
11.01,18,Tuesday,residential,37.56,26.38
5.3,6,Sunday,commercial,24.65,15.48
18.99,16,Saturday,residential,31.08,36.66
12.51,0,Sunday,commercial,29.1,30.95
24.97,4,Thursday,residential,23.18,64.63
10.35,3,Tuesday,residential,17.78,34.93
14.41,14,Tuesday,residential,26.19,33.01
14.75,1,Saturday,commercial,17.6,60.34
22.48,11,Thursday,residential,27.28,49.44
17.14,13,Tuesday,residential,18.07,56.91
19.97,4,Thursday,commercial,24.79,58.0
2.5,4,Monday,commercial,35.84,5.02
6.56,10,Friday,commercial,21.91,30.54
3.11,18,Sunday,commercial,17.5,18.13
17.07,21,Friday,residential,38.53,26.58
8.68,9,Monday,commercial,20.91,42.34
7.05,7,Wednesday,residential,18.84,22.45
23.06,3,Monday,residential,25.39,54.49
16.76,13,Wednesday,residential,29.58,34.0
1.89,1,Tuesday,residential,27.72,4.09
22.88,16,Wednesday,commercial,16.3,101.07
11.8,2,Wednesday,residential,37.59,18.83
8.5,12,Wednesday,commercial,16.06,38.11
12.9,10,Tuesday,residential,19.72,58.87
23.92,12,Sunday,residential,24.83,57.8
3.53,19,Wednesday,commercial,37.54,9.59
24.69,1,Thursday,residential,18.15,81.62
7.15,21,Thursday,commercial,20.68,24.89
13.5,0,Wednesday,residential,19.35,41.86
3.79,20,Thursday,residential,27.41,8.3
3.3,10,Saturday,residential,18.95,15.67
12.22,23,Friday,residential,19.71,37.2
13.82,15,Sunday,residential,20.36,40.73
19.32,8,Monday,residential,19.72,88.17
20.74,13,Tuesday,residential,36.13,34.44
22.08,17,Thursday,commercial,32.92,68.41
24.95,19,Friday,commercial,26.51,96.0
23.86,6,Tuesday,residential,30.87,46.38
6.1,11,Friday,residential,32.02,11.43
19.94,0,Friday,commercial,21.26,67.53
3.82,11,Thursday,residential,26.68,8.59
18.36,5,Thursday,commercial,37.61,35.15
3.25,18,Friday,residential,25.52,11.46
18.4,15,Tuesday,commercial,22.85,57.98
24.17,3,Sunday,residential,18.87,76.85
5.1,23,Thursday,commercial,19.05,19.28
9.01,3,Friday,commercial,26.41,24.56
20.26,7,Monday,residential,23.11,52.6
14.0,15,Monday,residential,24.97,33.64
4.99,12,Thursday,commercial,33.64,10.68
2.02,22,Monday,residential,15.26,7.94
19.83,11,Friday,commercial,22.7,62.9
9.73,1,Sunday,commercial,21.53,32.54
19.06,7,Tuesday,residential,30.65,37.31
14.56,10,Sunday,commercial,30.03,49.45
15.59,11,Wednesday,residential,15.79,59.24
13.69,17,Friday,residential,21.84,56.41
16.21,4,Wednesday,commercial,23.12,50.48
6.84,7,Friday,residential,26.63,15.41
3.27,16,Monday,residential,28.6,6.86
22.36,17,Sunday,residential,35.68,56.4
22.37,18,Wednesday,residential,25.44,79.14
1.67,9,Wednesday,commercial,34.01,5.01
21.45,23,Wednesday,residential,19.27,66.79
8.19,5,Friday,commercial,23.77,24.81
14.2,12,Wednesday,commercial,21.19,48.25
24.83,0,Friday,commercial,30.58,58.46
22.67,11,Monday,residential,23.38,58.18
17.15,17,Tuesday,residential,37.74,40.9
19.88,7,Monday,residential,36.29,32.87
12.19,7,Saturday,residential,33.53,21.81
22.52,15,Sunday,commercial,36.36,44.59
17.77,11,Thursday,residential,27.22,39.17
6.3,12,Monday,commercial,34.04,13.33
18.15,1,Sunday,residential,25.48,42.74
6.24,13,Sunday,residential,39.5,9.48
5.65,14,Wednesday,commercial,21.85,18.62
5.32,8,Wednesday,residential,17.2,27.84
10.02,1,Tuesday,residential,21.58,27.86
13.98,15,Friday,residential,24.8,33.82
11.76,13,Sunday,residential,37.95,18.59
17.9,0,Tuesday,commercial,30.57,42.16
7.94,20,Wednesday,residential,16.68,28.56
20.01,18,Thursday,commercial,19.99,102.1
7.88,8,Wednesday,residential,38.48,18.43
16.07,6,Friday,commercial,15.8,73.23
17.93,14,Tuesday,residential,15.96,67.41
10.8,12,Sunday,residential,34.05,19.03
18.78,3,Thursday,residential,24.12,46.72
19.86,20,Thursday,commercial,25.85,55.32
21.63,19,Friday,residential,21.84,89.13
19.6,2,Thursday,commercial,21.27,66.35
22.24,21,Friday,commercial,18.27,87.65
24.91,23,Saturday,residential,28.59,52.28
22.97,20,Monday,residential,27.79,49.59
12.11,4,Thursday,commercial,35.95,24.25
10.69,9,Saturday,commercial,19.21,56.76
2.32,0,Tuesday,residential,17.15,8.12
18.44,19,Saturday,commercial,23.29,80.76
23.95,2,Sunday,residential,25.73,55.85
21.53,6,Wednesday,commercial,32.73,47.36
14.52,13,Thursday,commercial,21.85,47.85
3.82,17,Thursday,commercial,21.52,18.11
24.56,14,Saturday,residential,38.22,38.56
12.44,6,Sunday,residential,25.57,29.19
3.05,22,Sunday,commercial,39.03,5.63
1.57,1,Tuesday,residential,19.15,4.92
1.21,3,Monday,residential,38.54,1.88
15.53,8,Wednesday,residential,21.34,65.5
1.59,8,Tuesday,commercial,37.57,4.32
17.22,5,Tuesday,residential,36.99,27.93
6.04,20,Wednesday,residential,16.94,21.39
16.04,4,Friday,residential,34.17,28.17
17.98,6,Tuesday,commercial,17.72,73.06
13.4,10,Wednesday,commercial,29.82,45.84
8.29,18,Monday,residential,24.45,30.52
19.6,1,Thursday,commercial,25.71,54.89
1.39,14,Monday,commercial,31.94,3.13
23.55,9,Friday,commercial,37.91,63.36
5.59,1,Sunday,residential,38.11,8.8
13.7,1,Saturday,commercial,36.14,27.29
13.17,6,Wednesday,residential,33.87,23.33
6.43,23,Monday,residential,31.15,12.39
4.89,0,Saturday,commercial,34.55,10.19
16.79,8,Friday,residential,33.63,44.93
17.82,21,Friday,residential,30.36,35.22
15.72,20,Friday,residential,20.42,46.19
11.52,21,Saturday,residential,23.8,29.04
23.41,22,Wednesday,commercial,20.74,81.27
3.76,11,Saturday,residential,29.08,7.76
2.91,5,Saturday,residential,37.33,4.68
8.56,1,Wednesday,commercial,19.42,31.74
5.81,7,Thursday,commercial,19.07,21.94
12.73,7,Tuesday,commercial,32.48,28.22
9.18,5,Saturday,residential,25.7,21.43
19.73,19,Sunday,commercial,26.58,75.71
9.15,22,Tuesday,commercial,38.88,16.94
1.64,22,Thursday,residential,25.8,3.81
7.43,10,Sunday,residential,21.03,31.8
2.31,0,Wednesday,residential,25.31,5.48
12.82,13,Wednesday,commercial,23.31,39.6
16.08,6,Tuesday,residential,16.77,57.53
10.3,5,Wednesday,residential,31.94,19.35
13.32,22,Friday,commercial,19.19,49.98
10.95,14,Friday,commercial,23.42,33.66
10.67,2,Sunday,commercial,37.28,20.61
11.45,9,Sunday,residential,27.99,36.82
13.02,16,Sunday,commercial,25.96,36.11
11.9,2,Friday,commercial,31.45,27.24
16.83,16,Tuesday,commercial,18.88,64.18
3.01,23,Saturday,commercial,24.82,8.73
20.2,17,Tuesday,commercial,20.86,98.77
16.84,19,Sunday,residential,29.57,51.25
7.4,20,Friday,commercial,36.47,14.61
11.84,23,Sunday,commercial,16.82,50.68
16.42,2,Friday,residential,22.39,44.0
14.15,8,Monday,residential,31.57,40.34
23.47,8,Saturday,residential,20.53,102.89
12.66,1,Sunday,commercial,20.83,43.76
11.81,0,Thursday,commercial,15.05,56.5
5.96,6,Wednesday,commercial,22.01,19.5
24.84,10,Tuesday,commercial,24.04,105.39
23.14,15,Thursday,commercial,39.85,41.81
19.97,7,Friday,commercial,36.66,39.22
9.51,4,Wednesday,commercial,26.55,25.79
22.63,13,Monday,commercial,31.43,51.84
11.67,5,Thursday,residential,17.65,39.67
5.02,2,Friday,residential,35.33,8.53
8.13,12,Saturday,commercial,33.08,17.7
6.82,9,Tuesday,residential,31.37,19.57
11.24,0,Friday,residential,39.1,17.25
24.32,3,Wednesday,commercial,33.22,52.71
6.62,17,Sunday,residential,32.53,18.32
5.35,5,Friday,commercial,27.41,14.05
1.92,12,Saturday,commercial,30.07,4.6
15.38,8,Sunday,commercial,38.44,40.81
4.7,18,Sunday,commercial,37.66,12.73
13.13,7,Friday,commercial,25.92,36.47
2.93,6,Monday,commercial,16.17,13.05
1.82,15,Wednesday,residential,25.7,4.25
6.85,5,Saturday,residential,34.56,11.89
2.57,1,Thursday,residential,36.05,4.28
16.72,23,Saturday,residential,37.24,26.94
4.02,6,Saturday,residential,30.32,7.96
13.31,21,Saturday,residential,25.06,31.87
9.51,17,Sunday,residential,19.22,44.53
17.25,0,Saturday,residential,26.96,38.39
2.17,22,Sunday,commercial,26.5,5.9
21.55,8,Thursday,residential,21.91,88.52
6.42,11,Saturday,commercial,18.98,24.35
14.18,20,Monday,residential,22.4,37.98
22.98,13,Thursday,commercial,23.4,70.71
19.65,6,Friday,commercial,21.18,66.8
3.92,4,Tuesday,residential,17.32,13.58
22.36,8,Saturday,commercial,39.44,57.83
23.99,19,Tuesday,residential,37.41,57.71
12.84,17,Saturday,residential,15.37,75.19
24.97,16,Thursday,residential,32.86,45.59
13.41,23,Wednesday,residential,29.67,27.12
2.19,6,Thursday,residential,39.18,3.35
15.39,13,Monday,commercial,23.07,48.03
10.2,22,Thursday,commercial,33.19,22.13
4.72,8,Saturday,residential,22.88,18.57
24.48,9,Saturday,commercial,35.89,69.57
8.59,8,Wednesday,residential,18.52,41.74
6.4,0,Saturday,commercial,34.4,13.4
18.18,6,Sunday,residential,26.57,41.05
2.55,6,Monday,commercial,21.99,8.35
9.41,7,Thursday,commercial,19.89,34.06
12.45,5,Friday,residential,26.5,28.19
15.35,20,Sunday,commercial,38.33,28.83
18.19,0,Saturday,commercial,24.4,53.68
24.58,21,Friday,commercial,31.31,56.52
4.26,20,Tuesday,residential,35.0,7.3
19.02,18,Thursday,commercial,32.54,59.62
22.5,22,Tuesday,commercial,38.58,41.99
8.31,13,Wednesday,residential,20.91,23.85
11.06,19,Thursday,residential,20.48,48.6
11.65,23,Thursday,commercial,31.12,26.95
3.74,1,Saturday,residential,34.22,6.56
13.47,23,Saturday,residential,39.61,20.4
21.22,17,Saturday,residential,24.55,77.79
18.71,16,Saturday,residential,18.68,60.1
3.28,17,Thursday,residential,21.85,13.51
19.41,18,Wednesday,residential,15.78,110.7
3.43,16,Saturday,commercial,36.69,6.73
9.97,20,Sunday,commercial,31.56,22.75
4.7,9,Monday,commercial,31.2,15.37
22.31,4,Friday,commercial,26.45,60.73
13.48,17,Tuesday,commercial,23.57,58.34
3.59,7,Monday,residential,15.84,13.6
22.05,22,Wednesday,commercial,31.39,50.58
2.82,10,Thursday,residential,28.95,8.77
5.39,5,Friday,commercial,37.91,10.24
18.98,6,Saturday,residential,24.88,45.77
18.27,22,Monday,residential,34.15,32.1
23.2,10,Wednesday,residential,33.44,62.44
12.82,21,Thursday,commercial,26.27,35.14
17.08,12,Tuesday,residential,23.8,43.06
11.98,12,Friday,commercial,32.5,26.54
13.37,3,Friday,residential,33.77,23.75
19.38,6,Monday,residential,32.45,35.83
14.55,9,Friday,commercial,35.52,41.78
18.67,12,Monday,residential,23.58,47.51
14.16,11,Friday,commercial,25.46,40.04
1.97,17,Thursday,commercial,22.8,8.81
21.29,5,Sunday,commercial,26.8,57.2
15.93,15,Wednesday,commercial,27.91,41.09
8.95,6,Friday,residential,26.05,20.61
11.49,5,Tuesday,commercial,23.92,34.59
18.21,5,Friday,residential,19.97,54.71
4.87,0,Monday,residential,21.59,13.53
8.6,5,Saturday,residential,36.28,14.22
2.61,5,Saturday,residential,15.08,10.38
21.47,23,Wednesday,commercial,27.69,55.83
23.07,19,Friday,commercial,19.38,121.42
22.23,17,Tuesday,commercial,35.0,64.78
20.21,19,Saturday,commercial,39.48,52.21
12.57,17,Wednesday,commercial,15.09,84.97
13.34,3,Wednesday,residential,32.55,24.59
18.67,5,Thursday,commercial,17.01,79.03
14.12,12,Saturday,commercial,18.23,55.77
22.5,5,Friday,commercial,23.53,68.85
15.91,15,Sunday,commercial,19.32,59.29
4.06,6,Thursday,commercial,35.83,8.16
19.14,11,Friday,commercial,26.86,51.31
14.91,1,Thursday,residential,26.12,34.25
23.03,5,Thursday,residential,29.78,46.4
22.93,17,Tuesday,commercial,29.32,79.77
2.34,18,Monday,residential,21.96,9.59
22.44,18,Sunday,residential,18.1,111.58
20.39,18,Saturday,residential,32.35,56.73
21.6,19,Sunday,residential,39.68,48.99
19.43,15,Sunday,commercial,38.21,36.61
1.67,9,Tuesday,commercial,15.9,10.71
7.46,12,Tuesday,commercial,36.19,14.84
3.67,8,Wednesday,residential,19.49,16.95
20.74,13,Saturday,residential,16.43,75.74
4.0,10,Monday,residential,36.93,9.75
4.3,3,Saturday,residential,30.86,8.36
16.39,18,Monday,residential,32.54,45.33
10.2,15,Sunday,residential,22.3,27.44
19.85,17,Wednesday,commercial,34.19,59.22
20.66,20,Monday,commercial,33.71,44.13
2.76,15,Sunday,commercial,34.31,5.79
3.41,0,Monday,commercial,27.52,8.92
23.33,7,Friday,commercial,19.94,84.24
22.25,8,Monday,residential,30.63,65.38
3.83,13,Saturday,commercial,28.33,9.73
17.36,18,Thursday,residential,33.63,46.46
14.85,0,Tuesday,commercial,33.99,31.46
8.41,9,Sunday,residential,38.16,19.83
3.69,7,Monday,commercial,36.04,7.37
17.85,7,Tuesday,residential,17.1,62.63
20.17,2,Tuesday,residential,17.47,69.27
21.04,5,Tuesday,residential,37.92,33.29
12.43,19,Saturday,commercial,16.48,76.93
6.51,12,Monday,commercial,32.2,14.56
2.16,11,Wednesday,residential,30.7,4.22
19.9,11,Friday,residential,31.64,37.74
19.77,11,Wednesday,residential,22.1,53.67
1.5,2,Sunday,commercial,39.38,2.74
6.11,8,Sunday,commercial,26.88,23.19
21.76,2,Sunday,residential,26.69,48.92
17.36,21,Wednesday,residential,31.55,33.01
7.59,12,Sunday,residential,37.4,12.18
21.03,7,Monday,commercial,36.22,41.8
17.4,8,Friday,residential,18.32,85.48
24.28,9,Tuesday,residential,27.78,78.66
7.48,22,Sunday,commercial,15.96,33.74
12.29,9,Wednesday,residential,30.36,36.43
11.83,19,Sunday,commercial,21.69,55.63
18.7,10,Monday,commercial,20.94,91.09
5.31,17,Thursday,commercial,26.72,20.27
6.48,13,Monday,commercial,16.22,28.76
1.64,11,Tuesday,residential,30.88,3.19
19.95,13,Sunday,commercial,28.83,49.82
4.42,15,Monday,residential,23.57,11.25
11.42,20,Tuesday,commercial,32.41,25.37
17.45,16,Sunday,residential,34.59,30.27
9.17,21,Thursday,residential,21.19,25.97
11.49,11,Saturday,residential,26.59,25.93
18.7,9,Tuesday,residential,26.38,63.8
4.54,1,Wednesday,commercial,36.33,9.0
4.48,6,Wednesday,residential,17.3,15.54
12.17,2,Thursday,residential,20.92,34.9
5.46,8,Thursday,residential,24.7,19.89
2.9,18,Saturday,commercial,15.61,18.95
23.37,10,Saturday,commercial,32.09,74.28
20.32,9,Friday,residential,39.28,46.56
23.86,9,Sunday,commercial,17.93,135.73
8.41,2,Thursday,commercial,38.19,15.86
11.03,0,Sunday,residential,25.15,26.31
23.31,3,Wednesday,commercial,26.03,64.48
12.24,12,Sunday,residential,26.59,27.62
3.39,5,Thursday,residential,38.97,5.22
21.5,11,Wednesday,commercial,22.66,68.31
4.25,17,Friday,commercial,32.47,13.35
23.17,13,Sunday,commercial,26.41,63.17
3.98,11,Wednesday,residential,20.29,11.77
14.91,7,Monday,commercial,18.76,57.22
10.5,16,Monday,commercial,19.58,38.61
19.4,20,Sunday,commercial,34.23,40.81
19.02,14,Saturday,residential,35.19,32.43
9.88,3,Tuesday,commercial,36.22,19.64
24.57,12,Sunday,commercial,32.84,53.87
20.1,19,Saturday,residential,15.71,115.15
12.26,9,Saturday,commercial,17.0,73.56
11.01,16,Tuesday,commercial,18.33,43.25
19.31,8,Thursday,residential,30.54,56.91
4.78,0,Thursday,residential,28.13,10.2
20.63,1,Friday,commercial,31.07,47.81
7.65,14,Friday,commercial,17.6,31.3
14.46,9,Sunday,commercial,22.24,66.32
2.04,14,Saturday,residential,39.22,3.12
11.45,3,Thursday,commercial,39.99,20.62
6.31,17,Monday,residential,23.34,24.33
2.23,7,Saturday,residential,22.43,5.97
13.52,0,Friday,commercial,31.85,30.56
4.06,10,Thursday,commercial,30.15,13.74
4.38,7,Thursday,residential,26.51,9.91
12.7,13,Wednesday,commercial,30.5,29.98
6.96,14,Friday,residential,31.75,13.15
3.02,16,Sunday,residential,27.49,6.59
15.1,17,Saturday,residential,15.44,88.02
5.59,9,Monday,commercial,35.71,15.97
2.61,21,Monday,commercial,36.34,5.17
3.95,2,Sunday,residential,36.11,6.56
18.3,0,Sunday,residential,16.08,68.28
22.11,1,Thursday,commercial,15.7,101.4
7.55,11,Sunday,commercial,21.73,25.02
8.27,22,Sunday,commercial,16.51,36.07
5.7,17,Saturday,commercial,28.82,20.17
1.36,13,Tuesday,residential,28.45,2.87
6.21,20,Monday,commercial,30.2,14.81
16.57,23,Thursday,commercial,29.67,40.21
7.53,9,Saturday,residential,24.18,28.03
8.51,18,Sunday,commercial,23.75,36.55
4.39,20,Wednesday,residential,27.99,9.41
24.26,11,Tuesday,residential,29.55,49.26
12.77,7,Saturday,commercial,34.41,26.72
22.65,5,Saturday,residential,38.21,35.57
9.84,21,Thursday,residential,22.33,26.44
22.56,7,Thursday,commercial,34.66,46.86
1.75,16,Monday,residential,24.83,4.23
13.59,12,Tuesday,residential,28.23,28.88
3.97,18,Thursday,commercial,22.22,18.22
20.69,1,Tuesday,commercial,32.2,46.26
10.0,19,Saturday,residential,20.77,43.33
19.22,19,Wednesday,commercial,37.1,52.84
24.36,3,Sunday,residential,16.14,90.56
15.68,0,Tuesday,commercial,16.6,68.01
19.49,3,Thursday,residential,36.06,32.43
16.42,14,Saturday,residential,30.81,31.98
6.77,1,Tuesday,commercial,34.73,14.04
14.04,20,Wednesday,residential,26.98,31.22
7.97,21,Saturday,commercial,30.75,18.66
2.48,20,Thursday,commercial,36.82,4.85
9.6,7,Saturday,residential,26.01,22.15
7.68,21,Wednesday,residential,18.29,25.19
16.39,20,Friday,commercial,39.37,29.97
10.03,17,Thursday,commercial,21.72,47.1
19.69,12,Friday,residential,30.6,38.61
20.22,11,Wednesday,residential,24.41,49.7
14.15,1,Sunday,residential,38.19,22.23
14.74,2,Friday,residential,29.67,29.81
24.3,10,Sunday,residential,26.22,83.41
11.89,23,Tuesday,residential,37.11,19.22
19.09,19,Wednesday,commercial,22.86,85.18
7.9,4,Friday,residential,39.1,12.12
11.12,20,Sunday,residential,27.17,24.56
2.4,21,Sunday,commercial,36.55,4.73
23.37,8,Thursday,residential,28.08,74.9
1.91,12,Thursday,residential,19.48,5.88
21.59,11,Friday,commercial,35.23,44.12
4.9,12,Tuesday,residential,17.67,16.64
7.39,22,Monday,residential,37.13,11.94
3.18,14,Wednesday,commercial,27.52,8.32
24.29,23,Saturday,residential,20.84,69.93
8.17,7,Sunday,residential,35.99,13.62
9.57,0,Monday,residential,16.28,35.27
16.03,15,Tuesday,residential,38.83,24.77
12.14,6,Tuesday,commercial,34.15,25.6
3.29,11,Saturday,residential,21.95,8.99
7.25,20,Wednesday,commercial,27.35,19.09
15.94,17,Wednesday,residential,26.18,54.8
12.21,2,Wednesday,residential,23.3,31.44
14.29,21,Thursday,commercial,21.75,47.3
18.01,20,Wednesday,commercial,35.64,36.38
2.22,21,Tuesday,commercial,19.67,8.13
19.54,11,Friday,commercial,19.44,72.37
12.6,3,Thursday,commercial,23.59,38.46
5.1,19,Tuesday,commercial,30.42,17.1
15.0,2,Wednesday,commercial,35.97,30.03
18.83,22,Tuesday,residential,32.46,34.81
8.03,11,Tuesday,residential,38.14,12.63
7.56,4,Sunday,residential,37.41,12.13
8.5,4,Monday,commercial,21.95,27.88
9.88,14,Friday,residential,29.53,20.07
9.75,15,Tuesday,residential,39.84,14.68
3.08,22,Sunday,residential,27.49,6.72
11.41,19,Sunday,residential,35.92,28.59
2.76,20,Sunday,commercial,39.02,5.09
21.36,13,Saturday,commercial,37.98,40.49
20.35,15,Thursday,residential,25.11,48.63
6.18,21,Friday,commercial,16.67,26.69
5.45,2,Wednesday,commercial,20.13,19.49
12.09,23,Tuesday,residential,18.7,38.79
4.54,0,Monday,commercial,36.05,9.07
10.08,12,Saturday,residential,35.85,16.87
12.24,20,Thursday,commercial,18.12,48.64
7.15,10,Friday,commercial,38.58,18.9
13.99,23,Monday,residential,16.48,50.93
11.14,20,Thursday,residential,39.46,16.94
13.37,7,Tuesday,residential,18.8,42.67
10.28,23,Monday,residential,29.64,20.81
9.1,8,Monday,residential,25.07,32.67
19.99,12,Saturday,commercial,26.04,55.27
16.36,5,Thursday,commercial,36.09,32.64
14.1,2,Tuesday,residential,21.95,38.54
11.88,11,Monday,commercial,18.06,47.36
8.3,15,Monday,residential,29.93,16.64
15.96,22,Tuesday,commercial,37.84,30.37
23.87,20,Sunday,commercial,19.33,88.91
14.35,15,Tuesday,commercial,34.13,30.27
13.94,7,Thursday,commercial,28.55,35.16
1.19,5,Thursday,residential,30.36,2.35
12.01,5,Tuesday,commercial,21.3,40.6
19.27,0,Tuesday,residential,29.92,38.64
11.8,6,Sunday,residential,18.61,38.04
9.38,2,Saturday,residential,24.35,23.11
20.46,0,Wednesday,residential,18.14,67.67
5.91,17,Sunday,commercial,27.42,21.98
7.13,13,Thursday,residential,29.03,14.74
4.91,5,Friday,residential,38.64,7.62
6.79,12,Thursday,residential,23.62,17.25
6.07,12,Saturday,commercial,30.85,14.17
7.72,4,Friday,commercial,22.1,25.15
15.51,19,Monday,commercial,37.3,42.41
16.76,18,Saturday,residential,22.69,66.48
5.16,17,Saturday,residential,16.59,27.99
12.61,23,Wednesday,residential,36.08,20.97
9.02,3,Thursday,residential,34.46,15.71
23.18,12,Saturday,residential,38.08,36.52
4.24,12,Saturday,commercial,28.45,10.73
14.39,21,Monday,commercial,21.29,48.67
15.64,0,Thursday,residential,21.46,43.73
2.63,17,Wednesday,commercial,24.5,10.95
15.74,19,Monday,commercial,31.27,51.34
17.21,19,Friday,residential,31.17,49.69
21.02,18,Thursday,residential,32.72,57.82
8.02,3,Thursday,commercial,35.17,16.42
11.47,3,Thursday,residential,20.43,33.69
18.79,2,Tuesday,residential,35.48,31.78
11.78,8,Tuesday,commercial,22.77,52.77
18.06,13,Thursday,residential,32.46,33.38
8.1,3,Tuesday,commercial,25.04,23.29
2.98,15,Thursday,commercial,20.3,10.57
11.03,23,Monday,residential,34.55,19.15
23.69,19,Saturday,residential,19.99,106.66
7.13,21,Tuesday,commercial,37.55,13.67
3.02,7,Sunday,residential,31.94,5.67
20.75,15,Sunday,commercial,30.07,49.68
20.72,15,Thursday,commercial,39.21,38.05
21.14,8,Sunday,commercial,24.17,89.21
13.96,23,Tuesday,residential,39.8,21.05
22.98,0,Wednesday,commercial,33.36,49.6
8.15,3,Thursday,residential,27.63,17.7
4.99,2,Saturday,residential,15.29,19.58
21.4,18,Saturday,commercial,32.5,67.16
2.26,10,Wednesday,residential,39.45,5.16
23.24,1,Friday,commercial,39.88,41.96
16.71,15,Monday,commercial,32.06,37.53
9.42,23,Thursday,residential,34.07,16.59
20.9,11,Thursday,residential,22.02,56.95
2.91,12,Friday,commercial,25.79,8.12
2.09,3,Saturday,commercial,30.37,4.95
13.73,10,Friday,commercial,33.72,41.53
2.5,23,Thursday,commercial,21.45,8.39
10.57,5,Wednesday,residential,32.75,19.36
5.62,15,Tuesday,commercial,19.11,21.17
20.24,18,Tuesday,commercial,18.44,111.96
15.7,23,Sunday,commercial,29.1,38.85
11.18,14,Monday,residential,30.95,21.67
18.78,5,Wednesday,residential,22.58,49.9
1.18,14,Tuesday,commercial,25.99,3.27
19.21,3,Sunday,commercial,24.18,57.2
6.03,11,Saturday,commercial,20.62,21.06
13.21,7,Wednesday,residential,32.06,24.72
16.12,7,Sunday,commercial,32.38,35.84
20.68,21,Sunday,commercial,26.99,55.17
17.65,4,Friday,residential,16.03,66.06
5.78,11,Monday,commercial,21.63,19.24
24.42,13,Sunday,residential,20.74,70.65
4.51,14,Friday,residential,15.68,17.26
18.88,17,Wednesday,residential,31.64,53.7
4.3,21,Thursday,commercial,24.19,12.8
11.78,15,Friday,commercial,21.65,39.18
12.28,6,Wednesday,commercial,26.29,33.63
21.11,23,Thursday,commercial,21.08,72.1
15.12,19,Thursday,residential,16.41,82.93
8.63,12,Monday,commercial,39.61,15.69
23.95,4,Tuesday,commercial,23.79,72.48
18.8,4,Thursday,commercial,37.25,36.34
21.57,9,Wednesday,residential,19.1,101.64
16.68,15,Thursday,residential,37.27,26.85
5.93,3,Saturday,residential,27.36,13.0
6.88,9,Friday,commercial,29.38,23.89
19.36,20,Tuesday,commercial,38.88,35.85
4.05,23,Tuesday,residential,22.01,11.04
20.18,6,Thursday,residential,35.28,34.32
24.3,23,Tuesday,residential,19.22,75.86
17.14,23,Sunday,commercial,22.39,55.12
6.62,16,Thursday,residential,23.81,16.68
10.7,5,Sunday,residential,30.15,21.29
4.7,5,Monday,residential,26.15,10.78
21.85,21,Thursday,residential,35.55,36.88
19.56,14,Wednesday,residential,33.4,35.14
23.47,1,Monday,commercial,39.09,43.23
22.85,4,Monday,residential,26.49,51.76
14.52,18,Saturday,residential,31.74,41.17
15.68,3,Tuesday,residential,15.26,61.65
8.48,11,Friday,residential,34.12,14.91
20.48,20,Friday,residential,35.14,34.97
8.1,14,Friday,residential,23.49,20.69
16.3,5,Thursday,residential,33.55,29.15
10.05,2,Sunday,commercial,18.69,38.72
7.11,7,Monday,commercial,17.98,28.47
23.27,7,Monday,commercial,16.6,100.93
22.1,8,Saturday,commercial,18.85,119.59
22.75,4,Sunday,commercial,37.25,43.97
8.98,23,Monday,commercial,24.79,26.08
15.02,23,Tuesday,residential,15.15,59.49
7.59,5,Sunday,residential,37.13,12.27
21.54,2,Sunday,commercial,22.36,69.36
2.09,8,Friday,commercial,25.3,8.43
3.88,18,Thursday,residential,17.79,19.63
9.16,4,Monday,commercial,21.52,30.65
8.15,9,Wednesday,residential,15.41,47.6
2.34,3,Tuesday,residential,35.74,3.93
23.56,23,Friday,residential,16.39,86.25
14.06,10,Friday,commercial,30.65,46.79
6.54,5,Thursday,residential,28.65,13.7
23.26,6,Thursday,residential,39.17,35.63
23.22,17,Monday,residential,27.56,75.83
19.27,15,Saturday,commercial,30.89,44.92
23.71,13,Wednesday,commercial,32.32,52.82
1.47,15,Thursday,residential,36.93,2.39
17.17,18,Friday,residential,15.4,100.34
1.18,19,Friday,residential,31.71,3.35
14.92,4,Friday,commercial,35.35,30.39
14.29,15,Saturday,residential,28.51,30.07
14.93,18,Friday,residential,22.75,59.06
6.03,11,Tuesday,commercial,17.91,24.24
21.17,3,Monday,residential,27.96,45.43
6.64,14,Wednesday,commercial,18.02,26.53
12.06,16,Sunday,commercial,17.32,50.13
23.72,1,Friday,residential,34.59,41.14
13.48,12,Friday,commercial,24.39,39.79
10.37,11,Wednesday,commercial,17.77,42.02
19.18,21,Monday,residential,26.09,44.11
11.87,0,Friday,commercial,33.13,25.8
20.38,12,Saturday,residential,18.61,65.71
7.69,11,Saturday,commercial,16.17,34.24
13.06,3,Tuesday,residential,28.29,27.7
12.05,16,Wednesday,commercial,15.97,54.33
3.13,5,Tuesday,commercial,28.42,7.93
17.36,10,Friday,residential,31.29,49.93
5.48,18,Monday,residential,27.29,18.07
14.89,20,Monday,residential,34.46,25.93
5.04,19,Sunday,residential,38.92,11.65
4.07,8,Monday,commercial,23.2,17.89
6.97,23,Tuesday,residential,18.31,22.84
22.59,17,Thursday,residential,36.42,55.82
22.83,17,Tuesday,commercial,23.75,98.05
18.29,7,Saturday,commercial,29.19,45.11
3.9,3,Thursday,residential,29.51,7.93
7.78,9,Monday,commercial,28.61,27.74
5.26,3,Wednesday,commercial,21.44,17.66
21.4,15,Monday,commercial,21.55,71.5
17.86,11,Sunday,residential,17.57,60.99
11.26,8,Saturday,residential,38.66,26.21
14.33,4,Monday,residential,34.89,24.64
23.9,8,Friday,commercial,23.17,105.21
23.64,21,Tuesday,residential,22.19,63.92
17.39,15,Thursday,commercial,18.27,68.53
3.92,18,Thursday,commercial,17.94,22.29
20.49,22,Thursday,commercial,19.35,76.24
16.19,7,Friday,commercial,17.37,67.11
16.73,4,Friday,residential,17.58,57.1
13.15,19,Tuesday,commercial,22.02,60.91
22.7,18,Tuesday,commercial,21.17,109.37
22.23,0,Sunday,residential,16.23,82.18
15.58,13,Wednesday,commercial,30.08,37.29
15.18,12,Thursday,residential,16.12,56.5
16.65,19,Friday,commercial,37.8,44.93
24.84,6,Wednesday,residential,17.9,83.26
18.98,20,Sunday,residential,27.14,41.96
13.74,14,Wednesday,commercial,35.53,27.84
23.35,4,Tuesday,residential,19.06,73.5
13.4,10,Sunday,residential,37.86,31.85
19.92,15,Tuesday,commercial,35.47,40.44
1.13,16,Sunday,residential,20.05,3.38
4.54,2,Sunday,residential,15.65,17.41
19.35,22,Monday,residential,37.7,30.8
11.19,7,Tuesday,residential,39.33,17.07
11.71,15,Wednesday,residential,16.22,43.32
6.15,9,Thursday,residential,38.69,14.31
17.11,13,Thursday,residential,23.83,43.08
4.88,6,Tuesday,residential,23.6,12.41
4.11,14,Saturday,commercial,19.71,15.01
6.65,12,Sunday,commercial,35.39,13.53
15.44,10,Sunday,residential,37.09,37.47
6.18,17,Sunday,commercial,27.48,22.94
2.5,0,Wednesday,commercial,18.68,9.64
2.22,18,Sunday,residential,37.84,5.28
4.38,8,Tuesday,residential,16.85,23.39
15.0,3,Monday,commercial,19.09,56.57
10.87,14,Tuesday,residential,22.12,29.48
6.71,14,Monday,residential,18.04,22.32
3.95,1,Thursday,residential,31.27,7.58
13.03,2,Tuesday,commercial,37.87,24.77
4.67,17,Tuesday,residential,23.31,18.03
6.63,15,Saturday,commercial,30.41,15.7
9.62,3,Sunday,residential,34.58,16.69
24.61,17,Sunday,commercial,18.33,136.95
20.64,19,Friday,commercial,21.18,99.4
2.01,16,Thursday,commercial,25.65,5.64
12.38,11,Wednesday,commercial,25.09,35.53
24.45,0,Friday,commercial,21.26,82.8
8.35,4,Monday,commercial,24.58,24.46
17.62,10,Friday,commercial,20.52,87.58
12.44,23,Wednesday,residential,31.28,23.86
14.58,5,Tuesday,commercial,33.34,31.49
20.55,19,Wednesday,commercial,22.33,93.87
22.66,20,Thursday,residential,35.37,38.44
7.73,3,Sunday,commercial,34.23,16.26
3.33,19,Sunday,residential,31.09,9.64
11.42,20,Tuesday,commercial,39.84,20.64
3.23,23,Saturday,commercial,31.75,7.32
2.33,20,Saturday,residential,29.16,4.79
8.03,15,Sunday,commercial,24.33,23.76
7.83,15,Saturday,commercial,20.18,27.94
2.16,10,Tuesday,commercial,33.66,6.55
11.07,10,Saturday,commercial,29.4,38.41
23.98,8,Friday,commercial,31.52,77.6
23.67,20,Monday,commercial,36.8,46.31
3.37,21,Wednesday,residential,20.2,10.01
7.39,8,Friday,residential,25.51,26.07
14.54,5,Thursday,commercial,18.04,58.03
24.8,9,Sunday,residential,26.5,84.23
17.62,3,Monday,residential,18.67,56.63
2.46,6,Saturday,commercial,38.13,4.65
5.77,13,Saturday,commercial,36.12,11.5
2.59,22,Wednesday,commercial,18.9,9.87
11.59,10,Sunday,commercial,31.66,37.34
22.37,15,Saturday,commercial,26.8,60.1
12.17,16,Tuesday,residential,25.68,28.43
11.68,4,Saturday,residential,34.0,20.61
2.34,21,Saturday,commercial,16.39,10.28
9.63,22,Sunday,residential,25.93,22.28
2.51,8,Wednesday,commercial,20.93,12.23
17.47,4,Monday,residential,19.3,54.31
3.15,7,Saturday,commercial,37.28,6.08
22.59,19,Sunday,commercial,35.58,64.76
13.03,2,Wednesday,commercial,37.4,25.08
13.51,4,Wednesday,commercial,17.06,57.02
11.24,0,Monday,commercial,20.0,40.46
16.36,9,Wednesday,commercial,30.89,54.02
7.7,2,Wednesday,commercial,24.63,22.51
10.6,2,Sunday,commercial,17.41,43.84
8.07,22,Sunday,residential,26.87,18.02
8.45,14,Monday,residential,25.98,19.52
9.12,23,Saturday,commercial,35.67,18.41
16.24,14,Tuesday,commercial,17.35,67.39
18.49,6,Wednesday,commercial,36.59,36.38
10.89,14,Saturday,commercial,33.03,23.74
1.6,12,Tuesday,commercial,30.7,3.75
22.54,16,Tuesday,residential,34.5,39.2
4.85,19,Monday,commercial,38.25,12.93
8.29,16,Friday,residential,17.27,28.8
2.25,17,Tuesday,commercial,31.37,7.32
20.6,3,Thursday,residential,21.67,57.04
22.82,17,Tuesday,commercial,34.93,66.64
16.47,8,Saturday,commercial,22.79,73.71
22.66,3,Monday,residential,38.2,35.59
9.08,16,Thursday,commercial,26.47,24.7
21.15,16,Wednesday,commercial,21.64,70.37
4.57,6,Thursday,commercial,30.94,10.63
15.31,11,Thursday,commercial,20.65,53.38
22.35,22,Wednesday,commercial,17.73,90.76
6.95,2,Tuesday,commercial,32.71,15.3
2.49,19,Monday,residential,27.28,8.21
17.1,1,Friday,residential,33.93,30.24
16.9,6,Thursday,commercial,31.25,38.94
23.02,4,Saturday,residential,35.34,39.08
7.53,9,Friday,residential,20.09,33.73
17.52,16,Tuesday,residential,36.72,28.63
23.13,13,Saturday,residential,15.32,90.59
5.58,7,Saturday,residential,21.27,15.74
21.13,10,Saturday,residential,22.48,84.6
10.83,6,Friday,commercial,18.13,43.01
15.6,10,Thursday,commercial,39.01,40.79
24.89,6,Wednesday,commercial,23.49,76.29
21.31,18,Wednesday,residential,15.53,123.5
7.95,20,Thursday,commercial,26.15,21.89
23.23,11,Thursday,commercial,24.71,67.69
9.57,23,Saturday,commercial,22.35,30.83
5.14,13,Sunday,residential,16.34,18.87
13.48,20,Wednesday,residential,36.97,21.88
19.29,4,Wednesday,residential,15.56,74.38
23.11,6,Saturday,residential,17.83,77.77
19.27,7,Sunday,residential,31.0,37.3
14.35,10,Wednesday,residential,22.12,58.39
8.01,20,Monday,commercial,21.11,27.32
1.31,11,Thursday,residential,25.23,3.12
19.57,4,Saturday,commercial,15.08,93.44
18.23,22,Tuesday,commercial,29.88,43.93
2.43,15,Wednesday,commercial,15.13,11.56
2.07,12,Friday,commercial,39.47,3.78
6.29,7,Wednesday,residential,16.39,23.03
13.73,10,Monday,residential,37.3,33.13
15.34,7,Wednesday,commercial,21.2,52.1
13.5,16,Sunday,commercial,26.73,36.36
16.95,14,Tuesday,residential,38.88,26.16
19.74,7,Sunday,residential,17.95,65.98
17.73,14,Thursday,residential,39.35,27.03
8.42,19,Friday,residential,36.45,20.79
5.66,17,Tuesday,commercial,29.59,19.51
13.55,17,Friday,residential,38.13,31.98
24.09,7,Wednesday,residential,24.54,58.9
11.02,9,Wednesday,commercial,38.17,29.45
2.12,2,Thursday,residential,15.62,8.14
14.24,7,Sunday,commercial,17.57,58.35
1.17,8,Thursday,residential,31.87,3.3
7.31,17,Saturday,residential,20.98,31.36
2.87,7,Friday,residential,15.99,10.77
9.93,1,Saturday,commercial,30.12,23.74
7.76,9,Friday,residential,31.6,22.1
13.86,23,Thursday,commercial,34.75,28.72
23.12,5,Thursday,residential,39.61,35.02
23.55,9,Friday,commercial,34.83,68.97
17.14,1,Thursday,commercial,25.72,47.98
9.3,16,Sunday,residential,19.22,29.03
2.13,3,Friday,commercial,31.41,4.88
10.71,22,Monday,commercial,29.7,25.96
10.87,10,Thursday,commercial,21.08,52.6
13.36,13,Sunday,residential,35.7,22.45
13.35,9,Monday,commercial,36.39,37.42
18.26,23,Sunday,residential,29.93,36.61
11.55,11,Tuesday,commercial,21.94,37.9
8.42,8,Saturday,commercial,36.35,23.63
21.52,12,Sunday,commercial,17.9,86.56
23.19,3,Saturday,residential,19.22,72.39
22.55,2,Friday,residential,28.49,47.49
21.71,12,Tuesday,residential,19.44,67.01
11.61,11,Monday,residential,33.88,20.56
13.03,4,Sunday,commercial,15.38,61.0
22.99,23,Thursday,residential,17.29,79.78
7.18,1,Friday,residential,32.01,13.46
20.48,9,Tuesday,residential,39.08,47.16
23.35,13,Sunday,commercial,32.54,51.67
6.66,3,Tuesday,commercial,35.27,13.6
3.5,5,Thursday,commercial,39.36,6.4
18.36,2,Friday,commercial,32.0,41.31
22.96,12,Saturday,residential,22.29,61.8
11.8,0,Friday,commercial,34.98,24.29
23.25,20,Friday,residential,27.34,51.02
11.3,16,Thursday,commercial,37.21,21.87
22.52,0,Saturday,commercial,35.08,46.22
6.65,19,Wednesday,residential,19.67,30.43
3.93,10,Friday,residential,35.88,9.86
9.36,6,Wednesday,commercial,16.45,40.97
5.65,15,Sunday,commercial,22.16,18.36
5.09,16,Saturday,commercial,24.39,15.03
8.23,1,Tuesday,residential,24.91,19.82
13.95,16,Monday,residential,34.99,23.92
24.29,9,Thursday,commercial,22.18,111.7
5.59,13,Saturday,residential,26.33,12.74
12.26,18,Saturday,commercial,22.78,54.9
17.92,4,Saturday,commercial,38.28,33.71
10.31,4,Sunday,commercial,30.84,24.07
3.03,20,Thursday,residential,18.88,9.63
7.37,21,Wednesday,residential,39.24,11.27
24.41,1,Wednesday,commercial,30.5,57.62
4.31,9,Monday,residential,27.95,13.88
11.04,2,Tuesday,residential,18.23,36.34
22.17,2,Thursday,commercial,29.18,54.7
16.97,2,Thursday,commercial,17.6,69.42
9.64,21,Thursday,commercial,38.24,18.15
6.32,8,Friday,commercial,15.49,41.62
16.62,6,Sunday,commercial,35.93,33.3
5.52,6,Monday,residential,37.51,8.83
20.94,13,Friday,residential,34.51,36.41
3.22,0,Wednesday,residential,20.69,9.34
10.63,1,Sunday,commercial,29.15,26.26
18.28,6,Wednesday,residential,38.12,28.77
13.44,15,Saturday,commercial,17.75,54.52
1.06,18,Thursday,residential,18.28,5.22
6.74,5,Monday,residential,38.19,10.59
5.49,3,Tuesday,residential,31.78,10.37
20.67,21,Saturday,commercial,19.56,76.09
23.22,13,Friday,commercial,37.62,44.44
11.42,6,Wednesday,commercial,19.88,41.36
12.68,17,Wednesday,commercial,21.83,59.25
23.43,12,Monday,residential,23.04,61.02
16.08,16,Monday,residential,30.31,31.83
18.51,4,Wednesday,residential,20.39,54.47
19.05,21,Tuesday,residential,22.07,51.79
8.05,11,Tuesday,residential,38.84,12.44
22.38,22,Tuesday,residential,25.87,51.91
15.69,11,Saturday,residential,36.12,26.06
8.75,17,Sunday,commercial,21.08,42.34
10.89,22,Wednesday,residential,20.93,31.22
4.43,10,Thursday,commercial,15.58,29.0
2.3,9,Wednesday,commercial,36.51,6.43
13.15,5,Saturday,commercial,18.19,52.05
7.83,14,Sunday,commercial,30.24,18.64
7.53,22,Tuesday,commercial,15.32,35.39
11.86,23,Tuesday,commercial,38.24,22.33
17.4,16,Thursday,residential,26.04,40.09
12.22,22,Sunday,commercial,34.66,25.38
18.45,9,Friday,commercial,27.06,69.55
24.24,14,Sunday,commercial,19.49,89.55
19.44,3,Sunday,commercial,35.58,39.34
15.54,11,Tuesday,commercial,38.04,29.41
15.42,8,Tuesday,commercial,39.03,40.3
10.51,17,Friday,residential,30.08,31.45
3.68,10,Friday,commercial,28.76,13.05
15.91,1,Sunday,commercial,37.96,30.18
2.95,5,Tuesday,residential,38.38,4.61
22.83,11,Wednesday,commercial,28.45,57.78
24.92,11,Thursday,residential,28.49,52.48
19.66,1,Friday,residential,34.86,33.84
20.76,16,Friday,commercial,35.77,41.79
12.54,13,Saturday,commercial,19.08,47.32
3.09,10,Wednesday,residential,15.58,17.85
6.67,11,Monday,commercial,29.49,16.28
21.38,22,Saturday,residential,27.51,46.63
24.03,16,Saturday,commercial,33.32,51.93
22.46,16,Friday,commercial,20.36,79.43
17.57,9,Wednesday,residential,31.61,50.03
10.73,21,Wednesday,commercial,15.02,51.44
17.3,11,Wednesday,commercial,39.55,31.49
11.69,13,Friday,commercial,26.16,32.17
5.6,17,Sunday,residential,19.08,26.42
12.22,7,Monday,commercial,34.17,25.75
7.9,11,Thursday,commercial,35.38,16.08
3.63,13,Friday,residential,21.81,9.99
19.39,17,Sunday,commercial,34.9,56.67
5.46,2,Wednesday,commercial,35.75,11.0
24.63,16,Saturday,commercial,34.17,51.9
22.45,16,Saturday,commercial,24.34,66.41
14.9,17,Wednesday,commercial,16.31,93.18
10.16,0,Tuesday,residential,15.46,39.43
23.75,17,Sunday,commercial,36.38,66.59
14.93,7,Monday,residential,28.19,31.78
4.65,23,Tuesday,residential,21.66,12.88
2.42,7,Saturday,commercial,35.65,4.89
1.0,13,Sunday,residential,19.82,3.03
11.03,9,Sunday,commercial,32.87,34.23
9.05,1,Saturday,residential,25.83,21.02
16.47,14,Thursday,residential,26.36,37.49
15.75,14,Sunday,commercial,15.09,75.15
2.09,11,Friday,commercial,15.39,9.78
6.24,6,Thursday,residential,31.21,12.0
4.87,20,Monday,residential,33.11,8.83
18.45,11,Monday,commercial,20.25,65.6
8.26,22,Friday,residential,31.39,15.79
22.52,12,Wednesday,residential,23.0,58.75
6.75,16,Friday,commercial,28.49,17.06
12.07,5,Monday,residential,17.73,40.85
5.61,5,Sunday,commercial,24.96,16.18
3.76,10,Monday,residential,35.58,9.51
11.42,21,Saturday,commercial,31.38,26.2
2.7,0,Tuesday,commercial,34.33,5.66
14.07,23,Saturday,commercial,38.34,26.42
16.14,6,Wednesday,residential,32.05,30.22
10.24,10,Saturday,residential,22.33,41.27
9.01,8,Saturday,residential,24.45,33.17
14.69,9,Tuesday,residential,22.15,59.69
17.01,16,Saturday,residential,36.6,27.89
16.27,6,Thursday,commercial,28.22,41.51
21.72,22,Saturday,residential,21.6,60.33
14.28,2,Saturday,commercial,15.28,67.29
8.92,0,Sunday,commercial,28.67,22.4
16.88,3,Saturday,commercial,25.43,47.79
13.73,9,Thursday,commercial,23.71,59.07
8.05,10,Thursday,residential,15.81,45.83
13.4,14,Thursday,commercial,34.48,27.98
13.47,19,Saturday,residential,37.94,31.95
6.3,14,Saturday,commercial,17.87,25.38
3.92,15,Friday,residential,20.21,11.64
14.74,4,Tuesday,residential,34.56,25.59
4.26,4,Wednesday,residential,30.5,8.38
7.0,16,Saturday,commercial,18.58,27.13
8.96,6,Wednesday,residential,39.26,13.69
3.7,8,Thursday,commercial,28.84,13.09
20.0,3,Monday,commercial,39.46,36.49
15.71,18,Friday,residential,21.09,67.04
15.33,6,Tuesday,residential,34.84,26.4
18.97,16,Sunday,residential,28.98,39.28
1.65,15,Friday,commercial,30.27,3.92
3.53,19,Monday,commercial,16.19,22.24
14.3,0,Monday,commercial,20.43,50.4
22.93,7,Sunday,commercial,36.7,44.99
15.26,12,Saturday,commercial,29.68,37.02
24.15,6,Thursday,commercial,21.73,80.02
5.06,9,Saturday,commercial,27.7,18.63
12.05,3,Wednesday,residential,29.65,24.38
13.68,12,Wednesday,residential,21.17,38.77
6.89,16,Sunday,residential,17.88,23.12
21.19,15,Saturday,commercial,38.97,39.15
18.2,22,Sunday,commercial,20.35,64.39
14.89,14,Tuesday,commercial,30.32,35.36
6.9,11,Friday,commercial,33.16,14.98
22.02,18,Friday,commercial,26.79,83.84
15.51,5,Tuesday,commercial,16.66,67.03
4.9,5,Thursday,residential,34.79,8.45
6.74,16,Friday,commercial,37.37,12.99
15.65,8,Friday,commercial,31.42,50.81
15.35,6,Monday,commercial,23.97,46.11
14.35,17,Friday,residential,39.42,32.76
10.27,9,Wednesday,commercial,27.71,37.8
21.44,17,Wednesday,commercial,25.24,86.64
24.01,2,Tuesday,residential,39.72,36.27
9.42,13,Saturday,commercial,39.24,17.28
11.59,2,Saturday,commercial,28.54,29.24
18.38,6,Wednesday,residential,33.93,32.5
12.85,11,Monday,residential,21.32,36.16
9.04,4,Tuesday,commercial,28.84,22.57
6.06,5,Tuesday,commercial,23.05,18.93
9.44,12,Saturday,residential,29.8,19.01
11.92,15,Wednesday,commercial,26.72,32.12
18.0,21,Wednesday,commercial,34.4,37.67
5.29,20,Tuesday,commercial,18.81,20.25
10.03,16,Saturday,residential,33.95,17.73
14.47,2,Wednesday,commercial,19.21,54.23
10.37,5,Friday,commercial,15.26,48.93
3.21,13,Thursday,commercial,16.76,13.79
17.84,16,Sunday,residential,36.16,29.6
19.93,4,Friday,residential,25.71,46.51
10.53,0,Thursday,residential,29.46,21.45
4.87,8,Tuesday,residential,37.46,11.7
15.48,12,Tuesday,residential,26.81,34.64
16.72,10,Friday,residential,31.7,47.47
18.75,16,Thursday,commercial,31.71,42.57
2.16,7,Thursday,residential,20.82,6.22
7.23,12,Saturday,commercial,36.23,14.37
23.1,20,Sunday,commercial,31.28,53.17
6.61,4,Saturday,commercial,15.75,30.22
23.61,6,Thursday,commercial,25.83,65.81
18.69,10,Sunday,commercial,21.17,90.05
11.55,23,Tuesday,commercial,39.81,20.89
20.57,5,Monday,commercial,38.48,38.49
6.94,22,Friday,commercial,25.15,19.87
5.32,20,Friday,commercial,31.14,12.3
18.12,17,Tuesday,commercial,15.82,116.83
16.26,1,Tuesday,commercial,19.95,58.68
21.75,15,Saturday,residential,37.64,34.67
17.56,15,Sunday,commercial,32.8,38.55
4.57,12,Wednesday,commercial,17.56,18.74
18.82,19,Monday,commercial,15.08,127.3
7.84,3,Friday,commercial,33.11,17.05
5.5,2,Monday,commercial,16.86,23.49
2.42,3,Sunday,residential,21.27,6.83
24.02,10,Tuesday,commercial,33.57,72.98
7.29,13,Monday,residential,21.35,20.49
18.18,22,Friday,residential,28.43,38.37
19.54,2,Saturday,commercial,15.13,92.99
9.66,18,Friday,residential,22.31,38.97
14.13,18,Tuesday,residential,22.95,55.41
18.9,13,Tuesday,residential,29.43,38.53
15.35,23,Wednesday,residential,36.73,25.07
7.95,7,Sunday,commercial,24.41,23.45
2.41,12,Friday,commercial,27.91,6.22
10.18,22,Saturday,residential,35.77,17.08
18.13,9,Tuesday,residential,24.19,67.45
6.7,4,Sunday,residential,23.97,16.77
17.59,21,Tuesday,commercial,39.94,31.71
14.55,1,Tuesday,commercial,37.87,27.66
8.14,13,Monday,commercial,18.21,32.18
16.37,4,Sunday,commercial,18.71,63.0
20.95,12,Monday,residential,37.75,33.3
10.73,3,Monday,commercial,33.66,22.95
6.47,17,Tuesday,commercial,19.62,33.64
20.28,14,Tuesday,commercial,32.57,44.83
24.76,1,Tuesday,residential,33.27,44.65
19.32,14,Thursday,commercial,25.39,54.79
10.21,19,Friday,residential,31.99,28.72
5.05,11,Wednesday,residential,24.08,12.58
12.7,22,Thursday,commercial,23.5,38.91
11.49,1,Tuesday,residential,23.53,29.3
16.25,3,Sunday,commercial,20.18,57.98
20.25,15,Friday,residential,29.8,40.77
21.41,18,Tuesday,residential,18.09,106.52
11.18,3,Saturday,commercial,29.31,27.46
4.26,3,Thursday,residential,27.79,9.2
7.66,13,Saturday,commercial,37.0,14.91
24.21,4,Thursday,commercial,27.88,62.52
21.17,19,Wednesday,residential,35.92,53.04
24.54,14,Sunday,residential,24.25,60.72
11.64,6,Thursday,residential,23.22,30.08
11.73,13,Friday,residential,25.31,27.81
15.84,22,Monday,residential,17.31,54.9
14.99,18,Saturday,commercial,31.04,49.26
4.53,5,Friday,commercial,37.98,8.59
16.7,12,Friday,residential,29.56,33.9
19.11,20,Friday,residential,34.18,33.55
20.05,3,Tuesday,commercial,31.22,46.24
11.43,16,Wednesday,commercial,35.29,23.32
8.77,4,Monday,commercial,35.64,17.72
20.52,1,Sunday,commercial,18.31,80.69
1.77,0,Thursday,commercial,25.27,5.04
5.94,13,Friday,commercial,28.15,15.19
11.86,22,Sunday,residential,30.6,23.25
10.78,5,Sunday,residential,27.46,23.55
2.13,18,Saturday,commercial,35.33,6.15
22.33,15,Saturday,commercial,33.01,48.71
12.34,11,Sunday,residential,33.43,22.15
4.11,3,Wednesday,residential,20.63,11.95
24.92,15,Monday,commercial,20.36,88.13
19.31,9,Saturday,residential,28.27,61.48
18.1,20,Saturday,commercial,31.64,41.19
4.63,23,Wednesday,commercial,32.94,10.12
24.77,0,Wednesday,residential,33.39,44.51
17.41,17,Friday,commercial,17.99,98.71
23.38,16,Tuesday,residential,32.34,43.38
6.77,14,Sunday,residential,22.63,17.95
4.8,19,Sunday,commercial,27.77,17.63
11.3,13,Thursday,residential,38.46,17.63
14.97,15,Sunday,commercial,39.03,27.62
15.87,14,Wednesday,residential,29.14,32.68
3.61,7,Friday,commercial,32.63,7.97
1.19,6,Wednesday,commercial,18.98,4.51
24.24,11,Tuesday,commercial,17.73,98.44
12.45,21,Monday,commercial,36.33,24.67
1.5,13,Monday,residential,33.25,2.71
12.78,2,Monday,residential,18.69,41.03
13.73,14,Sunday,commercial,37.28,26.52
12.91,1,Wednesday,residential,39.88,19.42
17.0,19,Saturday,residential,22.87,66.9
16.93,6,Saturday,commercial,21.58,56.49
11.96,12,Thursday,commercial,36.27,23.74
15.18,22,Friday,commercial,32.0,34.15
4.97,14,Tuesday,commercial,25.7,13.92
20.35,8,Wednesday,residential,29.76,61.54
7.5,6,Saturday,residential,31.06,14.49
16.09,13,Tuesday,commercial,28.37,40.83
22.55,14,Tuesday,commercial,22.0,73.8
19.33,4,Friday,commercial,30.17,46.13
19.07,3,Thursday,residential,38.5,29.72
1.88,19,Thursday,residential,29.51,5.73
2.88,5,Monday,commercial,37.52,5.53
19.76,21,Friday,residential,15.02,78.93
23.18,21,Thursday,commercial,22.13,75.42
7.02,11,Friday,residential,28.78,14.64
10.79,22,Friday,residential,29.05,22.29
21.48,4,Tuesday,residential,18.98,67.9
24.74,13,Friday,residential,26.13,56.81
9.39,14,Saturday,residential,30.16,18.68
4.3,2,Friday,residential,20.99,12.29
2.16,23,Monday,commercial,25.83,6.02
20.57,5,Wednesday,commercial,35.01,42.3
6.97,21,Friday,residential,16.49,25.36
18.62,23,Tuesday,residential,27.0,41.38
8.9,2,Tuesday,commercial,19.11,33.53
10.02,13,Sunday,residential,23.78,25.28
8.89,22,Wednesday,commercial,33.2,19.28
18.52,18,Monday,commercial,22.4,84.33
21.58,7,Sunday,residential,26.74,48.42
19.65,13,Saturday,residential,30.46,38.71
15.54,19,Saturday,commercial,19.97,79.37
3.97,7,Thursday,commercial,32.62,8.76
10.8,8,Wednesday,residential,30.9,31.46
4.25,8,Thursday,commercial,36.14,12.0
4.37,8,Tuesday,residential,38.14,10.31
7.89,8,Thursday,residential,32.37,21.94
17.04,18,Thursday,commercial,29.9,58.13
19.5,4,Saturday,commercial,39.24,35.78
10.27,3,Saturday,residential,27.6,22.33
21.49,14,Friday,commercial,26.46,58.48
11.23,11,Monday,commercial,19.65,41.15
20.31,10,Saturday,commercial,15.38,134.7
21.13,9,Tuesday,commercial,19.4,111.1
8.07,18,Sunday,residential,21.05,34.5
5.67,8,Thursday,commercial,32.38,17.86
4.38,23,Wednesday,commercial,19.49,16.18
14.95,8,Saturday,commercial,16.13,94.54
20.15,18,Wednesday,residential,39.47,45.95
16.09,16,Sunday,commercial,24.51,47.27
5.45,18,Monday,commercial,38.57,14.41
13.39,9,Sunday,residential,18.67,64.55
17.17,22,Friday,commercial,34.8,35.52
1.84,7,Tuesday,residential,30.14,3.66
1.54,13,Thursday,residential,25.39,3.64
5.85,22,Friday,residential,16.03,21.9
2.87,21,Friday,commercial,34.22,6.04
11.54,18,Thursday,residential,33.38,31.11
13.37,5,Wednesday,commercial,15.85,60.73
6.53,21,Friday,residential,19.93,19.66
12.84,23,Saturday,commercial,35.01,26.41
8.93,11,Thursday,residential,21.44,24.99
13.97,2,Friday,residential,17.85,46.96
23.31,13,Saturday,commercial,38.06,44.1
5.54,14,Tuesday,commercial,26.19,15.23
17.93,8,Saturday,commercial,15.07,121.36
11.77,4,Wednesday,residential,38.58,18.3
4.22,22,Monday,residential,33.42,7.58
24.92,7,Friday,commercial,30.36,59.1
7.81,18,Friday,commercial,37.34,21.33
3.94,7,Monday,commercial,21.85,12.98
13.41,20,Sunday,residential,16.97,47.41
18.88,19,Saturday,commercial,36.48,52.79
17.66,11,Wednesday,commercial,19.55,65.04
22.54,21,Friday,residential,25.18,53.71
11.14,1,Tuesday,residential,32.36,20.66
9.36,20,Thursday,commercial,30.76,21.91
6.39,16,Monday,commercial,19.53,23.56
4.7,19,Friday,residential,17.47,24.21
3.44,5,Tuesday,commercial,15.76,15.72
20.92,0,Friday,commercial,17.11,88.03
16.03,13,Monday,residential,29.75,32.33
7.99,1,Monday,commercial,30.92,18.61
18.66,20,Sunday,commercial,20.05,67.01
21.71,13,Monday,residential,24.19,53.85
4.74,17,Tuesday,commercial,37.37,12.94
16.06,23,Tuesday,residential,31.55,30.54
2.99,5,Thursday,commercial,31.86,6.76
6.9,19,Monday,residential,16.45,37.75
19.07,23,Thursday,residential,33.15,34.52
3.23,12,Tuesday,commercial,36.56,6.36
11.82,21,Friday,residential,23.37,30.35
2.18,10,Tuesday,commercial,33.02,6.73
19.23,10,Sunday,residential,16.44,105.27
14.03,17,Sunday,commercial,36.79,38.9
23.4,8,Saturday,commercial,21.39,111.58
15.0,1,Monday,commercial,34.97,30.88
21.69,12,Saturday,commercial,38.66,40.4
3.08,7,Thursday,residential,38.94,4.75
15.19,5,Friday,commercial,29.08,37.61
8.53,7,Tuesday,commercial,36.18,16.98
1.88,14,Wednesday,residential,27.62,4.08
23.09,0,Saturday,residential,32.01,43.28
21.63,23,Sunday,commercial,39.39,39.54
12.92,21,Friday,residential,34.8,22.28
17.82,5,Saturday,residential,39.73,26.91
24.32,3,Monday,commercial,17.65,99.21
15.31,1,Sunday,residential,31.1,29.54
21.96,16,Monday,commercial,29.91,52.86
10.69,12,Sunday,commercial,35.0,21.99
23.84,1,Tuesday,commercial,39.28,43.7
3.2,2,Monday,commercial,21.44,10.75
10.78,12,Wednesday,residential,26.93,24.02
3.15,22,Friday,commercial,19.3,11.75
18.97,11,Tuesday,commercial,19.67,69.44
17.83,13,Monday,commercial,20.64,62.2
6.25,19,Monday,residential,15.61,36.03
10.36,23,Tuesday,commercial,27.14,27.48
7.12,14,Thursday,commercial,27.23,18.83
21.12,2,Sunday,residential,35.13,36.07
19.75,23,Wednesday,commercial,26.33,54.01
1.95,17,Friday,commercial,27.4,7.26
7.28,14,Saturday,residential,32.44,13.46
16.44,20,Friday,commercial,15.29,77.42
20.08,2,Tuesday,commercial,26.61,54.33
2.67,5,Monday,commercial,21.71,8.85
7.86,7,Sunday,residential,35.67,13.22
9.69,7,Thursday,residential,25.81,22.53
7.98,18,Tuesday,residential,22.24,32.29
3.91,4,Wednesday,commercial,32.23,8.73
12.81,6,Saturday,commercial,32.38,28.48
1.18,8,Tuesday,residential,23.45,4.53
22.09,16,Monday,commercial,17.28,92.04
2.11,15,Tuesday,residential,17.53,7.22
9.82,9,Saturday,commercial,19.69,50.87
10.05,21,Friday,residential,21.81,27.65
8.47,13,Wednesday,commercial,25.23,24.17
17.22,21,Thursday,residential,37.86,27.29
21.83,10,Wednesday,commercial,31.64,70.37
7.14,22,Wednesday,commercial,20.2,25.45
9.27,16,Monday,commercial,36.94,18.07
3.73,8,Friday,residential,16.68,20.13
16.04,10,Wednesday,commercial,15.2,107.64
14.72,10,Saturday,residential,22.58,58.67
20.0,6,Thursday,residential,20.09,59.73
6.65,22,Thursday,commercial,38.86,12.32
1.84,1,Sunday,residential,18.51,5.96
20.5,16,Friday,residential,26.99,45.57
14.85,0,Wednesday,residential,35.88,24.83
11.69,23,Thursday,commercial,21.55,39.06
11.52,5,Sunday,commercial,25.24,32.86
5.69,23,Tuesday,residential,16.3,20.94
8.29,18,Sunday,residential,16.94,44.04
5.81,17,Tuesday,residential,15.73,33.24
2.1,12,Thursday,commercial,31.45,4.81
15.87,5,Sunday,commercial,37.98,30.09
9.24,19,Friday,residential,27.48,30.26
10.94,4,Friday,commercial,27.25,28.91
5.56,22,Tuesday,residential,25.79,12.94
22.48,22,Friday,residential,20.28,66.51
7.22,21,Friday,residential,29.47,14.7
10.19,12,Thursday,residential,16.55,36.94
15.47,16,Friday,commercial,37.68,29.56
15.38,23,Wednesday,commercial,38.39,28.85
15.74,17,Wednesday,residential,36.94,38.35
18.64,16,Thursday,commercial,20.12,66.7
1.75,23,Friday,residential,33.11,3.17
1.03,20,Wednesday,commercial,28.76,2.58
7.53,7,Tuesday,residential,34.44,13.12
11.91,17,Friday,commercial,33.34,36.44
9.05,6,Wednesday,commercial,15.79,41.27
3.61,19,Monday,commercial,16.13,22.83
15.97,15,Saturday,commercial,32.29,35.61
3.25,10,Thursday,commercial,20.19,16.42
10.44,15,Sunday,residential,30.83,20.32
1.57,5,Monday,commercial,20.26,5.58
19.42,11,Saturday,commercial,35.41,39.49
11.57,23,Friday,commercial,37.95,21.95
11.5,22,Friday,residential,35.55,19.41
11.9,21,Sunday,residential,30.68,23.27
1.41,8,Friday,commercial,38.81,3.71
18.73,16,Thursday,residential,24.89,45.15
17.91,22,Monday,residential,30.18,35.61
18.48,11,Tuesday,commercial,39.19,33.95
4.69,13,Sunday,residential,26.03,10.81
22.88,14,Monday,commercial,19.78,83.28
11.11,6,Thursday,commercial,36.62,21.84
16.83,4,Thursday,commercial,24.53,49.4
5.81,18,Monday,residential,37.84,13.82
14.22,3,Friday,residential,34.35,24.84
13.79,3,Friday,residential,16.58,49.9
17.48,19,Tuesday,commercial,26.17,68.13
20.96,7,Sunday,residential,23.04,54.58
11.97,11,Friday,commercial,17.12,50.34
2.28,4,Friday,commercial,28.86,5.69
5.36,4,Friday,residential,27.41,11.73
19.84,22,Friday,residential,32.15,37.03
14.12,3,Sunday,residential,34.12,24.83
12.24,8,Tuesday,residential,19.13,57.58
12.22,21,Saturday,commercial,22.34,39.38
2.53,9,Thursday,residential,31.73,7.18
15.18,16,Saturday,commercial,20.12,54.32
3.19,2,Sunday,residential,30.25,6.33
18.42,4,Monday,commercial,17.82,74.42
18.96,7,Thursday,commercial,38.35,35.6
17.04,4,Monday,residential,30.93,33.06
21.51,23,Tuesday,residential,15.21,84.85
8.77,0,Thursday,commercial,22.48,28.09
17.1,3,Wednesday,residential,23.73,43.24
10.41,3,Tuesday,commercial,36.74,20.4
19.56,19,Tuesday,residential,15.12,116.43
6.72,3,Friday,commercial,37.58,12.87
15.3,3,Saturday,commercial,37.13,29.67
22.76,7,Sunday,commercial,22.63,72.41
17.58,11,Tuesday,residential,24.78,42.57
4.68,8,Thursday,residential,20.34,20.71
16.45,2,Monday,commercial,19.81,59.79
5.11,13,Wednesday,commercial,34.09,10.79
1.94,2,Wednesday,residential,21.03,5.53
17.95,11,Sunday,commercial,33.6,38.46
5.82,23,Saturday,commercial,34.83,12.03
13.81,15,Monday,residential,28.55,29.02
21.09,7,Wednesday,commercial,38.37,39.57
13.02,3,Monday,commercial,33.13,28.3
17.99,12,Monday,residential,33.39,32.33
15.16,20,Thursday,commercial,23.06,47.33
22.1,17,Monday,commercial,24.45,92.2
13.82,5,Saturday,commercial,28.48,34.94
13.79,17,Friday,residential,31.88,38.93
1.13,13,Tuesday,residential,21.86,3.1
23.6,7,Saturday,residential,21.94,64.54
18.42,5,Monday,residential,27.44,40.28
1.63,4,Friday,residential,31.44,3.11
9.33,20,Sunday,commercial,21.82,30.79
6.21,14,Saturday,commercial,34.66,12.9
8.85,9,Tuesday,residential,33.05,24.1
4.29,2,Sunday,residential,28.9,8.91
8.25,7,Friday,commercial,17.86,33.26
15.46,23,Wednesday,commercial,15.48,71.91
18.99,6,Tuesday,commercial,29.86,45.79
7.25,5,Monday,commercial,29.34,17.79
17.18,23,Friday,commercial,18.0,68.72
20.65,9,Friday,residential,16.01,116.08
11.68,17,Monday,commercial,18.5,64.4
8.77,18,Sunday,residential,30.51,25.87
6.02,13,Thursday,commercial,25.99,16.68
6.73,11,Monday,residential,37.12,10.88
6.81,20,Sunday,residential,37.08,11.02
22.55,18,Sunday,residential,37.17,54.6
7.35,11,Saturday,commercial,25.53,20.73
12.7,23,Saturday,commercial,32.99,27.72
23.8,21,Sunday,commercial,31.02,55.24
5.47,21,Saturday,residential,22.63,14.5
2.06,16,Wednesday,commercial,21.67,6.84
21.2,1,Wednesday,commercial,24.03,63.52
3.64,5,Saturday,commercial,22.34,11.73
18.37,20,Tuesday,commercial,37.3,35.46
7.37,17,Thursday,commercial,23.88,31.48
3.07,20,Monday,commercial,19.47,11.35
17.08,18,Friday,residential,35.89,42.83
15.27,6,Tuesday,commercial,31.01,35.45
8.96,6,Tuesday,commercial,25.08,25.72
20.11,12,Thursday,residential,35.27,34.21
12.74,12,Wednesday,commercial,37.63,24.38
22.9,17,Tuesday,residential,15.85,130.03
8.46,5,Saturday,residential,33.6,15.11
16.83,16,Wednesday,commercial,24.41,49.64
18.7,13,Saturday,residential,22.28,50.36
13.07,3,Thursday,residential,25.63,30.6
8.99,13,Friday,residential,36.93,14.61
18.1,12,Friday,commercial,30.03,43.4
15.74,11,Sunday,commercial,24.73,45.83
5.55,11,Friday,commercial,27.36,14.61
8.07,8,Saturday,residential,34.44,21.09
18.44,2,Thursday,commercial,36.77,36.11
9.41,0,Thursday,residential,33.89,16.66
14.4,2,Tuesday,commercial,30.2,34.33
18.11,8,Sunday,commercial,21.48,86.0
3.06,12,Friday,residential,17.42,10.54
11.35,23,Thursday,commercial,38.82,21.05
11.19,12,Tuesday,residential,33.68,19.93
11.3,14,Tuesday,residential,30.96,21.9
11.6,1,Thursday,residential,39.81,17.48
11.58,15,Thursday,commercial,25.52,32.67
16.16,22,Thursday,commercial,18.26,63.72
18.42,10,Wednesday,commercial,36.22,51.87
14.33,12,Saturday,residential,18.32,46.93
14.74,10,Friday,residential,24.2,54.82
9.11,10,Wednesday,residential,36.59,22.41
14.1,5,Friday,residential,18.26,46.33
11.98,13,Sunday,commercial,18.6,46.37
21.02,7,Saturday,residential,35.85,35.18
19.57,8,Wednesday,residential,29.14,60.44
18.61,9,Saturday,residential,21.52,77.83
10.52,3,Friday,commercial,30.22,25.06
23.57,8,Monday,residential,21.26,99.78
6.63,16,Thursday,residential,29.4,13.53
19.19,0,Friday,residential,29.83,38.6
10.67,15,Tuesday,residential,22.73,28.17
4.58,3,Saturday,residential,18.31,15.01
16.87,9,Sunday,residential,38.88,39.05
12.94,23,Tuesday,commercial,35.26,26.42
9.87,22,Saturday,commercial,30.1,23.61
24.85,0,Monday,commercial,19.42,92.13
4.22,19,Sunday,commercial,32.68,13.17
24.77,0,Wednesday,commercial,29.26,60.95
2.65,19,Monday,residential,19.47,12.25
12.43,19,Monday,residential,36.28,30.84
12.68,3,Monday,commercial,35.11,26.0
13.84,17,Monday,residential,32.25,38.62
24.13,9,Saturday,residential,38.57,56.31
13.37,0,Thursday,residential,37.28,21.52
1.83,8,Friday,commercial,27.72,6.73
10.02,9,Monday,commercial,20.12,50.8
16.25,13,Monday,commercial,27.13,43.13
9.16,15,Thursday,residential,37.08,14.82
23.18,0,Sunday,residential,35.46,39.22
1.93,10,Thursday,residential,38.86,4.47
8.22,23,Saturday,residential,26.0,18.97
8.74,16,Saturday,residential,23.27,22.54
1.97,18,Friday,residential,20.4,8.69
16.99,15,Thursday,commercial,19.54,62.6
17.75,8,Wednesday,residential,36.22,44.11
22.99,13,Tuesday,residential,22.37,61.66
21.09,16,Wednesday,commercial,19.19,79.13
1.2,12,Friday,commercial,15.34,5.63
2.66,15,Saturday,residential,36.11,4.42
22.98,17,Monday,commercial,29.29,80.03
13.15,21,Sunday,residential,21.24,37.15
17.26,15,Monday,commercial,20.98,59.23
13.34,16,Thursday,commercial,17.82,53.9
4.95,20,Tuesday,residential,34.66,8.57
3.15,22,Thursday,commercial,23.43,9.68
11.28,1,Saturday,residential,37.26,18.16
8.96,17,Wednesday,commercial,39.63,23.06
7.41,3,Sunday,residential,31.17,14.26
11.57,20,Monday,residential,25.23,27.51
6.17,14,Wednesday,residential,28.8,12.85
6.07,19,Monday,commercial,35.32,17.53
24.63,9,Wednesday,commercial,33.37,75.28
24.11,21,Tuesday,residential,23.03,62.81
17.28,3,Tuesday,residential,18.53,55.95
22.44,10,Friday,commercial,23.59,97.03
14.1,11,Sunday,commercial,27.55,36.85
4.01,14,Saturday,commercial,35.09,8.23
15.99,3,Thursday,commercial,18.28,62.98
4.9,7,Saturday,commercial,36.39,9.69
16.04,19,Thursday,residential,23.08,62.55
7.79,15,Wednesday,commercial,25.69,21.83
9.47,13,Monday,commercial,38.06,17.91
23.79,16,Tuesday,commercial,19.28,88.84
5.56,15,Wednesday,commercial,27.78,14.41
11.5,2,Saturday,residential,30.48,22.64
11.81,3,Thursday,commercial,35.54,23.93
6.42,8,Wednesday,residential,30.75,18.79
4.33,0,Tuesday,residential,18.31,14.19
21.77,18,Friday,commercial,34.37,64.61
4.34,14,Saturday,residential,26.94,9.67
10.24,8,Tuesday,commercial,28.76,36.32
24.37,11,Friday,residential,30.97,47.21
9.4,1,Saturday,commercial,15.74,43.0
18.52,17,Friday,residential,24.03,69.36
18.21,21,Sunday,commercial,32.96,39.78
13.42,6,Thursday,residential,39.47,20.4
24.09,1,Saturday,residential,38.23,37.81
5.22,11,Saturday,residential,32.73,9.57
19.57,11,Friday,commercial,17.22,81.83
1.96,14,Friday,residential,22.35,5.26
11.53,1,Sunday,residential,16.98,40.74
5.94,13,Monday,residential,32.07,11.11
13.41,5,Sunday,commercial,37.99,25.42
7.52,18,Saturday,residential,20.94,32.32
12.88,1,Friday,commercial,37.64,24.64
1.7,22,Friday,residential,37.69,2.71
2.47,22,Sunday,commercial,26.75,6.65
12.01,3,Friday,commercial,36.95,23.4
13.11,22,Tuesday,commercial,19.24,49.06
19.73,23,Friday,residential,29.14,40.62
4.84,14,Friday,residential,17.91,16.21
7.63,16,Saturday,residential,30.0,15.26
14.29,19,Wednesday,commercial,15.94,91.44
14.77,5,Friday,residential,22.66,39.11
13.64,23,Tuesday,commercial,16.89,58.15
2.62,0,Sunday,commercial,28.94,6.52
24.11,18,Thursday,residential,29.7,73.06
1.74,9,Wednesday,residential,34.24,4.57
2.47,2,Monday,commercial,24.22,7.34
17.75,6,Tuesday,residential,35.04,30.39
24.01,6,Saturday,residential,17.67,81.53
9.97,4,Wednesday,commercial,16.1,44.59
15.88,8,Wednesday,residential,20.14,70.96
14.37,6,Tuesday,residential,39.71,21.71
6.56,13,Friday,residential,27.0,14.58
6.89,14,Sunday,commercial,28.73,17.27
7.11,1,Wednesday,residential,16.31,26.16
24.88,18,Saturday,commercial,20.84,121.77
11.83,21,Thursday,residential,25.48,27.86
19.95,23,Wednesday,commercial,26.63,53.94
8.18,0,Tuesday,commercial,18.75,31.41
12.41,7,Monday,commercial,29.22,30.58
21.61,21,Sunday,commercial,27.6,56.37
10.01,7,Saturday,commercial,21.29,33.85
14.77,3,Tuesday,residential,30.56,29.0
16.33,13,Thursday,commercial,26.0,45.22
10.19,21,Tuesday,residential,16.83,36.33
7.36,10,Friday,residential,26.43,25.06
13.29,5,Friday,commercial,39.51,24.22
23.99,2,Thursday,residential,22.3,64.55
8.63,9,Monday,residential,37.14,20.91
9.93,23,Saturday,commercial,36.37,19.66
21.76,1,Monday,commercial,37.55,41.72
16.6,3,Tuesday,commercial,31.35,38.12
20.05,15,Thursday,commercial,20.57,70.18
4.18,22,Sunday,residential,36.73,6.83
16.55,10,Sunday,commercial,24.69,68.37
1.98,19,Thursday,commercial,38.35,5.27
2.88,13,Tuesday,commercial,34.23,6.06
7.85,6,Wednesday,commercial,28.98,19.5
7.83,13,Sunday,residential,25.93,18.12
24.28,17,Saturday,residential,33.33,65.56
16.9,6,Wednesday,commercial,33.18,36.67
9.46,12,Monday,commercial,17.92,38.01
7.67,2,Thursday,residential,24.06,19.13
10.08,22,Sunday,residential,29.3,20.64
3.81,6,Thursday,commercial,34.1,8.04
20.09,4,Friday,residential,19.53,61.72
3.81,14,Sunday,commercial,27.69,9.91
9.38,21,Thursday,commercial,20.37,33.15
14.66,7,Sunday,residential,19.34,45.48
21.21,16,Saturday,residential,25.32,50.26
15.93,17,Monday,commercial,37.28,43.59
14.94,10,Sunday,commercial,34.08,44.71
24.93,8,Friday,commercial,25.58,99.41
21.83,18,Saturday,residential,24.31,80.82
10.7,0,Sunday,commercial,37.91,20.32
3.11,1,Friday,commercial,32.19,6.96
14.87,21,Tuesday,residential,33.57,26.58
2.13,3,Sunday,commercial,30.58,5.02
5.82,1,Saturday,residential,26.05,13.4
15.05,19,Friday,residential,32.47,41.72
3.2,18,Wednesday,residential,37.29,7.72
16.72,17,Tuesday,commercial,23.31,73.16
2.37,8,Saturday,commercial,28.95,8.35
5.21,22,Wednesday,commercial,21.47,17.47
11.85,2,Sunday,commercial,37.54,22.73
23.21,11,Friday,commercial,38.16,43.79
4.12,10,Friday,commercial,37.95,11.07
16.93,8,Friday,residential,23.26,65.51
11.4,10,Saturday,commercial,35.45,32.8
21.82,13,Tuesday,residential,15.14,86.47
7.51,8,Thursday,commercial,20.29,37.75
10.92,8,Friday,residential,32.7,30.06
24.33,4,Thursday,commercial,31.69,55.28
17.65,5,Sunday,commercial,39.95,31.81
3.17,13,Tuesday,residential,24.1,7.89
14.34,5,Thursday,residential,15.71,54.77
6.43,13,Monday,residential,31.49,12.25
1.44,11,Friday,residential,24.99,3.46
24.95,1,Wednesday,commercial,29.55,60.79
19.79,18,Thursday,commercial,22.93,88.03
11.31,16,Saturday,commercial,26.33,30.93
14.95,7,Thursday,residential,15.06,59.56
8.25,12,Sunday,commercial,33.91,17.52
12.53,20,Wednesday,commercial,36.65,24.62
15.05,23,Monday,residential,39.32,22.97
11.9,14,Monday,commercial,23.1,37.09
15.31,19,Sunday,commercial,20.82,75.01
9.71,9,Wednesday,residential,15.17,57.61
1.42,21,Tuesday,residential,38.13,2.23
15.54,3,Thursday,commercial,32.21,34.74
3.58,2,Friday,commercial,33.91,7.6
9.42,3,Wednesday,residential,39.21,14.41
7.52,6,Wednesday,residential,23.47,19.22
20.33,8,Friday,commercial,29.59,70.08
14.58,3,Thursday,residential,32.77,26.7
5.53,10,Tuesday,commercial,33.31,16.93
19.52,16,Friday,residential,18.73,62.53
20.77,19,Tuesday,commercial,25.66,82.56
21.56,9,Saturday,commercial,25.77,85.34
9.67,23,Wednesday,residential,37.98,15.28
10.15,15,Wednesday,commercial,20.55,35.56
18.39,10,Sunday,commercial,32.48,57.75
18.52,8,Monday,commercial,20.11,93.94
22.08,23,Sunday,commercial,20.94,75.92
18.54,10,Friday,commercial,38.71,48.85
10.53,18,Monday,commercial,22.92,46.86
18.28,0,Wednesday,commercial,18.73,70.27
9.57,4,Tuesday,residential,36.43,15.76
7.09,12,Friday,commercial,25.93,19.69
15.44,20,Sunday,commercial,24.82,44.79
9.45,21,Tuesday,commercial,39.29,17.32
12.41,15,Friday,residential,18.21,40.89
3.92,16,Friday,residential,27.8,8.46
10.47,14,Saturday,residential,22.73,27.64
17.32,7,Wednesday,commercial,29.09,42.87
17.78,8,Monday,residential,30.83,51.9
8.98,21,Saturday,commercial,30.76,21.02
12.39,7,Tuesday,residential,17.27,43.05
2.53,15,Wednesday,residential,32.04,4.74
12.94,23,Tuesday,commercial,35.0,26.62
24.83,8,Thursday,commercial,31.2,81.17
3.3,13,Thursday,residential,19.64,10.08
18.48,1,Tuesday,residential,15.58,71.17
6.42,21,Wednesday,residential,23.86,16.14
18.93,7,Wednesday,residential,39.5,28.75
15.45,0,Thursday,residential,37.5,24.72
1.99,10,Saturday,residential,20.48,8.75
18.38,19,Sunday,residential,36.25,45.63
2.29,6,Wednesday,commercial,37.82,4.36
9.99,16,Friday,commercial,38.92,18.48
17.85,9,Sunday,residential,34.69,46.31
2.64,15,Thursday,residential,27.74,5.71
7.74,9,Sunday,commercial,21.66,36.45
9.98,3,Thursday,commercial,17.17,41.85
12.76,13,Thursday,commercial,29.6,31.04
20.93,23,Tuesday,residential,36.39,34.51
24.4,16,Wednesday,commercial,38.3,45.87
15.43,9,Friday,commercial,33.47,47.02
15.2,6,Wednesday,commercial,33.51,32.66
14.64,15,Saturday,residential,38.97,22.54
7.27,16,Saturday,commercial,23.16,22.6
1.76,21,Saturday,residential,24.57,4.3
13.28,16,Wednesday,residential,19.06,41.8
9.48,17,Tuesday,residential,23.35,36.54
4.7,11,Saturday,residential,24.4,11.56
1.9,0,Sunday,residential,36.97,3.08
6.11,7,Monday,residential,24.46,14.99
17.52,20,Friday,commercial,37.4,33.73
14.77,10,Tuesday,commercial,37.73,39.93
9.22,5,Wednesday,commercial,29.76,22.31
15.74,6,Monday,commercial,18.41,61.56
16.37,12,Monday,residential,27.82,35.31
3.08,2,Tuesday,residential,32.35,5.71
5.54,22,Sunday,residential,21.15,15.72
20.59,10,Friday,residential,34.09,54.36
17.37,16,Monday,commercial,36.26,34.49
17.18,22,Friday,commercial,33.96,36.42
9.95,12,Thursday,residential,31.06,19.22
22.14,22,Friday,commercial,37.63,42.36
15.2,14,Monday,commercial,33.57,32.6
24.77,13,Wednesday,residential,15.06,98.69
1.05,4,Thursday,residential,37.58,1.68
21.17,8,Tuesday,residential,34.86,54.66
1.47,0,Tuesday,commercial,18.62,5.68
16.98,6,Tuesday,residential,23.52,43.32
9.0,21,Sunday,residential,24.16,22.35
13.34,16,Tuesday,residential,38.55,20.76
22.3,5,Monday,commercial,32.0,50.17
5.71,6,Monday,residential,30.65,11.18
17.83,5,Saturday,commercial,34.43,37.29
4.91,19,Friday,residential,36.55,12.09
6.72,4,Monday,commercial,23.93,20.22
20.38,16,Thursday,residential,30.32,40.33
20.32,15,Sunday,commercial,26.3,55.63
18.88,22,Saturday,commercial,35.94,37.82
12.48,23,Tuesday,commercial,15.04,59.74
11.77,4,Saturday,commercial,38.29,22.13
17.48,15,Tuesday,commercial,21.96,57.31
2.92,18,Wednesday,residential,27.32,9.62
13.74,22,Friday,commercial,29.16,33.93
13.3,21,Wednesday,commercial,39.64,24.16
21.22,19,Tuesday,residential,38.7,49.35
5.39,23,Wednesday,commercial,37.6,10.32
6.47,17,Thursday,commercial,27.04,24.41
2.83,22,Wednesday,commercial,38.32,5.32
6.96,22,Friday,residential,30.66,13.62
16.66,21,Monday,commercial,36.41,32.94
1.71,6,Tuesday,residential,15.05,6.82
16.84,10,Saturday,residential,25.67,59.04
11.18,17,Thursday,residential,39.78,25.29
24.64,1,Tuesday,commercial,23.29,76.17
13.71,0,Monday,commercial,27.63,35.73
4.47,20,Tuesday,commercial,38.58,8.34
6.66,23,Tuesday,residential,18.49,21.61
5.05,10,Friday,residential,22.93,19.82
11.18,17,Tuesday,residential,34.2,29.42
16.29,7,Saturday,commercial,32.11,36.53
10.47,5,Wednesday,commercial,38.89,19.38
11.39,12,Sunday,commercial,30.79,26.63
8.82,16,Thursday,residential,27.41,19.31
4.44,3,Thursday,commercial,38.8,8.24
24.49,6,Tuesday,commercial,36.76,47.97
17.42,11,Monday,residential,39.03,26.78
14.99,23,Sunday,residential,32.14,27.98
5.89,6,Saturday,commercial,35.27,12.02
15.49,10,Sunday,commercial,28.06,56.31
7.4,14,Saturday,residential,39.13,11.35
19.76,16,Tuesday,residential,29.57,40.09
14.01,5,Sunday,residential,16.81,50.01
10.35,13,Tuesday,commercial,23.14,32.2
18.93,2,Thursday,commercial,29.13,46.79
9.99,13,Saturday,commercial,39.67,18.13
2.56,12,Friday,commercial,29.65,6.22
10.67,15,Tuesday,commercial,28.42,27.03
13.83,4,Monday,residential,17.06,48.64
16.01,20,Sunday,residential,21.44,44.8
1.45,6,Sunday,commercial,20.74,5.03
24.38,12,Wednesday,residential,19.82,73.8
12.35,4,Sunday,residential,34.42,21.53
16.06,0,Tuesday,residential,23.77,40.54
18.3,13,Saturday,commercial,18.17,72.52
13.02,7,Thursday,residential,18.26,42.78
9.28,19,Tuesday,residential,26.62,31.37
24.07,23,Wednesday,residential,19.55,73.87
14.39,23,Thursday,residential,26.36,32.75
15.25,7,Monday,commercial,33.17,33.1
14.78,5,Monday,residential,28.71,30.89
1.57,23,Friday,residential,25.25,3.73
10.34,22,Wednesday,commercial,38.32,19.43
10.16,21,Saturday,commercial,21.36,34.25
23.56,23,Wednesday,residential,25.08,56.36
12.69,0,Saturday,residential,32.95,23.11
17.01,13,Tuesday,commercial,29.97,40.86
3.79,21,Tuesday,commercial,31.79,8.58
18.04,10,Thursday,commercial,31.6,58.23
24.17,22,Tuesday,commercial,31.45,55.33
16.61,10,Monday,commercial,32.26,52.52
16.2,11,Friday,residential,37.02,26.26
23.37,12,Tuesday,residential,18.2,77.04
18.47,6,Tuesday,commercial,16.95,78.46
14.67,13,Wednesday,residential,31.54,27.91
6.06,13,Monday,residential,34.55,10.52
21.68,11,Sunday,residential,21.84,59.56
17.45,4,Thursday,commercial,22.52,55.79
8.7,9,Sunday,commercial,35.86,24.75
8.51,2,Sunday,residential,27.4,18.64
18.72,16,Thursday,residential,18.34,61.24
13.77,16,Thursday,residential,23.27,35.5
24.24,10,Thursday,commercial,15.71,157.38
21.02,19,Wednesday,residential,38.79,48.77
11.57,9,Wednesday,commercial,25.44,46.39
11.48,8,Monday,residential,22.01,46.94
15.75,22,Wednesday,commercial,28.88,39.27
19.73,5,Monday,commercial,23.56,60.3
3.74,12,Sunday,residential,27.59,8.13
12.39,2,Friday,commercial,39.79,22.42
15.25,15,Wednesday,residential,36.69,24.94
22.42,8,Monday,residential,32.18,62.7
20.29,21,Tuesday,residential,31.0,39.27
20.44,16,Tuesday,residential,20.23,60.62
7.71,3,Sunday,commercial,21.26,26.11
9.95,2,Sunday,commercial,37.18,19.27
4.15,10,Saturday,commercial,19.23,22.01
13.72,22,Monday,residential,33.53,24.55
3.42,10,Tuesday,commercial,27.27,12.79
23.44,13,Wednesday,residential,25.94,54.22
17.99,3,Friday,commercial,25.55,50.7
22.49,3,Friday,residential,16.06,84.02
24.48,11,Friday,residential,23.67,62.05
5.3,14,Thursday,residential,27.14,11.72
1.02,9,Friday,commercial,18.45,5.64
16.75,17,Friday,residential,30.99,48.64
9.28,18,Sunday,commercial,18.41,51.42
4.41,4,Thursday,residential,15.85,16.69
19.1,17,Wednesday,commercial,18.56,104.97
20.33,14,Thursday,commercial,15.82,92.53
5.78,11,Tuesday,residential,23.24,14.92
2.56,7,Wednesday,commercial,37.78,4.88
20.84,1,Thursday,commercial,21.56,69.6
4.48,23,Friday,residential,35.66,7.54
10.45,1,Saturday,residential,20.34,30.83
16.21,9,Thursday,residential,18.55,78.65
7.85,12,Monday,commercial,30.92,18.28
4.49,6,Thursday,residential,21.85,12.33
10.32,17,Sunday,commercial,24.31,43.3
16.93,3,Thursday,residential,27.63,36.76
24.55,8,Wednesday,commercial,37.93,66.02
14.29,17,Saturday,residential,39.89,32.24
19.73,11,Sunday,commercial,23.2,61.23
1.42,12,Thursday,commercial,18.32,5.58
19.86,20,Monday,residential,33.67,35.39
5.87,17,Friday,commercial,29.22,20.49
14.7,15,Sunday,residential,18.12,48.68
23.09,19,Saturday,commercial,21.42,109.95
11.7,8,Saturday,residential,18.38,57.29
5.57,18,Friday,commercial,20.62,27.55
23.81,23,Saturday,residential,32.3,44.23
23.66,4,Friday,residential,32.5,43.68
5.01,17,Wednesday,residential,33.2,13.58
5.6,14,Sunday,commercial,22.17,18.19
10.95,20,Sunday,residential,32.98,19.92
14.76,5,Monday,residential,17.95,49.34
21.31,7,Thursday,commercial,22.25,68.96
7.29,5,Saturday,residential,34.95,12.52
2.38,4,Wednesday,residential,23.36,6.11
13.17,20,Thursday,residential,19.26,41.03
3.08,18,Saturday,residential,15.2,18.24
10.4,2,Saturday,residential,37.65,16.57
3.55,4,Friday,commercial,33.15,7.71
4.03,14,Tuesday,commercial,32.64,8.89
15.98,12,Saturday,residential,38.55,24.87
8.96,2,Thursday,commercial,23.72,27.2
7.22,9,Thursday,commercial,25.6,28.77
24.93,8,Thursday,residential,16.07,139.62
22.72,13,Sunday,commercial,25.04,65.33
11.06,14,Friday,commercial,26.26,30.32
12.64,22,Saturday,commercial,36.82,24.72
18.21,6,Saturday,residential,24.94,43.81
8.97,3,Monday,residential,20.73,25.96
9.49,17,Tuesday,residential,25.91,32.96
15.37,18,Friday,commercial,27.93,56.13
19.32,20,Wednesday,residential,15.46,74.98
12.17,16,Wednesday,commercial,34.25,25.58
6.83,17,Friday,residential,36.82,16.69
16.14,14,Wednesday,residential,18.11,53.47
22.59,21,Sunday,residential,36.23,37.41
6.78,9,Friday,commercial,27.54,25.11
2.33,6,Friday,commercial,16.52,10.15
1.31,14,Wednesday,residential,39.35,2.0
15.82,5,Thursday,commercial,26.46,43.05
17.45,15,Sunday,residential,26.76,39.13
6.66,9,Sunday,commercial,15.43,44.03
18.78,5,Saturday,residential,24.83,45.38
9.11,23,Sunday,residential,21.23,25.75
9.68,0,Monday,commercial,29.78,23.4
16.24,7,Saturday,residential,24.85,39.21
4.04,22,Friday,commercial,22.59,12.88
1.01,12,Monday,commercial,17.17,4.24
5.55,18,Thursday,commercial,38.03,14.89
19.28,22,Wednesday,commercial,21.95,63.24
7.51,18,Sunday,commercial,15.85,48.33
22.02,7,Monday,residential,34.4,38.41
17.65,7,Wednesday,residential,31.56,33.56
14.3,16,Saturday,residential,30.57,28.07
19.75,13,Saturday,residential,34.67,34.18
10.02,9,Friday,residential,21.2,42.54
17.82,21,Wednesday,residential,19.07,56.07
3.84,8,Tuesday,commercial,22.77,17.2
22.65,1,Friday,commercial,26.26,62.1
1.69,19,Tuesday,residential,22.26,6.83
3.22,19,Sunday,residential,15.01,19.31
12.31,19,Sunday,commercial,24.83,50.57
13.52,11,Tuesday,commercial,37.49,25.97
24.75,23,Thursday,residential,20.53,72.33
10.7,7,Wednesday,residential,26.99,23.79
16.87,5,Tuesday,residential,23.23,43.57
8.79,7,Wednesday,commercial,21.49,29.45
20.55,1,Tuesday,commercial,15.2,97.34
7.04,11,Sunday,commercial,37.58,13.49
9.56,13,Sunday,commercial,28.33,24.3
10.36,11,Sunday,residential,16.36,38.0
23.65,3,Tuesday,commercial,32.33,52.67
22.2,10,Thursday,commercial,38.03,59.54
11.44,3,Thursday,commercial,39.24,20.99
11.62,7,Friday,residential,21.36,32.64
16.05,20,Saturday,residential,37.7,25.54
16.63,12,Thursday,residential,15.77,63.27
2.85,16,Friday,residential,25.03,6.83
1.27,9,Wednesday,residential,27.66,4.13
20.35,18,Wednesday,commercial,31.46,65.98
6.36,10,Monday,commercial,28.61,22.67
11.58,20,Friday,residential,15.61,44.51
2.91,10,Tuesday,residential,17.51,14.96
1.0,8,Monday,residential,26.8,3.36
4.58,21,Monday,commercial,27.43,12.02
14.05,13,Friday,commercial,26.4,38.32
19.62,23,Tuesday,residential,21.58,54.55
22.1,21,Thursday,residential,22.49,58.96
6.6,20,Friday,residential,39.31,10.07
2.59,15,Friday,residential,17.84,8.71
22.55,17,Tuesday,residential,33.28,60.98
23.43,13,Tuesday,residential,39.39,35.69
13.2,13,Tuesday,commercial,30.19,31.48
5.37,22,Saturday,commercial,23.59,16.39
16.01,5,Monday,commercial,26.13,44.11
20.61,18,Thursday,commercial,21.21,99.11
12.32,6,Tuesday,commercial,25.91,34.24
19.57,2,Wednesday,commercial,27.57,51.11
13.19,8,Wednesday,commercial,35.3,38.11
24.82,15,Monday,commercial,20.76,86.08
22.23,20,Wednesday,residential,22.08,60.41
24.62,7,Saturday,residential,27.08,54.55
23.98,18,Tuesday,commercial,31.15,78.52
21.18,12,Saturday,commercial,38.96,39.14
3.89,0,Sunday,residential,30.7,7.6
24.74,19,Monday,commercial,36.54,69.06
6.55,7,Thursday,residential,32.03,12.27
15.47,17,Saturday,residential,23.67,58.82
6.5,10,Saturday,residential,31.64,18.49
13.5,14,Sunday,commercial,19.12,50.84
24.57,21,Thursday,commercial,35.49,49.85
7.32,17,Monday,commercial,38.11,19.59
3.21,0,Sunday,residential,26.48,7.27
17.56,21,Wednesday,commercial,32.74,38.62
23.44,21,Sunday,residential,21.46,65.54
13.53,14,Wednesday,residential,26.48,30.66
1.27,9,Saturday,commercial,35.88,3.61
24.31,3,Saturday,commercial,19.98,87.6
3.44,13,Thursday,residential,26.39,7.82
3.31,22,Monday,residential,30.99,6.41
6.77,19,Thursday,commercial,39.74,17.38
8.07,18,Wednesday,residential,15.53,46.77
15.51,4,Monday,residential,39.2,23.74
13.45,4,Thursday,residential,32.05,25.18
10.42,12,Saturday,commercial,35.79,20.96
17.6,17,Monday,residential,25.03,63.28
12.69,23,Sunday,commercial,34.48,26.5
11.94,3,Tuesday,residential,35.67,20.08
19.64,9,Friday,commercial,30.82,65.0
12.9,5,Sunday,residential,25.01,30.95
15.21,4,Friday,residential,35.62,25.62
23.06,11,Sunday,commercial,36.89,45.01
22.35,15,Monday,commercial,20.5,78.5
4.05,21,Saturday,residential,30.65,7.93
21.15,8,Sunday,commercial,37.88,56.95
24.93,17,Wednesday,residential,18.76,119.6
18.46,16,Saturday,residential,33.59,32.97
24.98,8,Thursday,residential,37.96,59.23
10.83,17,Wednesday,residential,21.16,46.06
20.49,8,Thursday,commercial,35.56,58.77
22.64,6,Sunday,residential,33.36,40.72
18.37,9,Tuesday,residential,25.92,63.78
1.05,0,Thursday,residential,21.94,2.87
10.17,20,Wednesday,residential,18.48,33.02
11.14,8,Tuesday,residential,17.33,57.85
12.48,3,Sunday,residential,29.42,25.45
12.11,21,Friday,residential,22.24,32.67
4.88,9,Tuesday,residential,23.25,18.89
18.85,15,Monday,commercial,15.46,87.79
21.51,9,Sunday,commercial,28.29,77.55
8.73,17,Wednesday,residential,27.94,28.12
21.65,8,Monday,residential,20.64,94.4
7.06,3,Sunday,residential,24.21,17.5
2.69,2,Wednesday,commercial,37.43,5.17
3.51,4,Saturday,commercial,39.08,6.47
6.23,12,Saturday,commercial,23.98,18.71
10.65,1,Monday,residential,32.05,19.94
23.33,4,Wednesday,commercial,18.47,90.95
15.49,20,Thursday,commercial,28.17,39.59
23.87,19,Friday,commercial,34.69,70.19
3.75,2,Friday,commercial,32.43,8.33
17.42,19,Thursday,commercial,39.72,44.73
21.23,16,Friday,residential,29.01,43.91
11.94,14,Monday,commercial,22.09,38.92
16.89,0,Tuesday,residential,33.06,30.65
3.08,10,Friday,residential,24.84,11.16
14.05,3,Monday,commercial,15.31,66.07
15.14,12,Saturday,residential,32.21,28.2
17.97,20,Monday,commercial,30.89,41.89
14.14,6,Saturday,commercial,18.13,56.15
9.17,8,Sunday,residential,19.9,41.47
18.54,12,Thursday,residential,34.22,32.51
9.25,5,Thursday,residential,22.41,24.77
1.54,6,Wednesday,residential,33.48,2.76
24.97,18,Monday,residential,21.21,105.95
20.32,17,Wednesday,commercial,16.59,124.93
9.08,10,Saturday,commercial,19.01,48.72
20.84,22,Thursday,residential,36.29,34.46
15.74,22,Saturday,residential,38.19,24.73
14.69,19,Thursday,commercial,26.88,55.74
19.66,20,Sunday,commercial,25.63,55.23
5.75,22,Wednesday,residential,22.68,15.21
7.09,20,Tuesday,commercial,17.44,29.27
1.2,8,Friday,commercial,38.74,3.16
17.49,19,Thursday,residential,21.52,73.15
12.15,2,Friday,residential,35.96,20.27
9.04,9,Monday,residential,36.28,22.43
7.08,0,Wednesday,commercial,27.02,18.87
4.82,1,Thursday,residential,18.3,15.8
19.78,4,Wednesday,residential,18.28,64.92
3.32,13,Thursday,commercial,24.24,9.86
12.39,1,Thursday,commercial,30.85,28.92
12.56,21,Tuesday,residential,32.87,22.93
16.86,13,Friday,residential,19.74,51.25
17.83,0,Tuesday,commercial,32.11,39.98
23.8,20,Saturday,commercial,20.84,82.23
14.1,22,Sunday,commercial,22.01,46.12
18.21,18,Thursday,commercial,35.16,52.83
6.09,9,Saturday,commercial,26.38,23.55
4.84,12,Tuesday,commercial,25.08,13.89
15.49,4,Monday,residential,32.79,28.34
18.0,8,Thursday,commercial,15.4,119.22
17.72,4,Wednesday,commercial,35.56,35.88
15.72,10,Friday,commercial,17.28,92.79
1.44,8,Tuesday,commercial,33.46,4.39
15.42,18,Sunday,commercial,35.12,44.78
9.84,13,Thursday,commercial,34.08,20.79
13.66,20,Friday,commercial,32.86,29.93
9.75,22,Friday,residential,25.41,23.02
6.66,13,Friday,residential,19.0,21.03
19.0,23,Wednesday,commercial,31.37,43.61
8.51,15,Sunday,commercial,16.95,36.15
11.36,2,Thursday,commercial,39.58,20.66
13.45,14,Friday,commercial,37.37,25.91
5.6,3,Saturday,residential,36.81,9.13
21.3,13,Wednesday,commercial,23.31,65.79
23.14,1,Monday,residential,29.13,47.66
13.51,4,Monday,residential,19.9,40.73
12.72,7,Wednesday,residential,30.16,25.31
6.27,10,Friday,residential,34.26,16.47
14.96,11,Wednesday,commercial,22.0,48.96
7.81,13,Saturday,residential,16.92,27.7
1.35,19,Wednesday,commercial,23.98,5.74
24.06,2,Thursday,residential,24.16,59.75
24.6,21,Monday,residential,19.86,74.32
17.87,8,Wednesday,commercial,35.97,50.67
5.79,11,Friday,residential,32.22,10.78
22.88,5,Tuesday,residential,20.46,67.1
23.05,22,Friday,residential,15.58,88.77
8.46,19,Saturday,residential,36.68,20.76
10.22,2,Saturday,commercial,19.52,37.7
8.56,23,Saturday,residential,32.02,16.04
16.33,1,Tuesday,residential,30.27,32.37
11.43,22,Saturday,residential,28.13,24.38
1.07,4,Thursday,commercial,37.31,2.06
7.27,3,Tuesday,residential,32.78,13.31
6.31,10,Monday,commercial,32.31,19.92
4.8,13,Saturday,commercial,36.1,9.57
4.78,21,Friday,residential,21.63,13.26
1.78,13,Tuesday,commercial,30.7,4.17
24.53,8,Tuesday,commercial,23.56,106.2
7.18,20,Thursday,commercial,32.44,15.94
3.84,22,Wednesday,residential,32.11,7.18
14.96,3,Sunday,commercial,23.41,46.01
5.69,1,Wednesday,commercial,18.4,22.27
21.92,15,Thursday,commercial,17.64,89.47
6.16,15,Tuesday,commercial,36.47,12.16
6.35,8,Monday,residential,33.11,17.26
19.9,3,Saturday,commercial,25.73,55.69
19.75,1,Monday,commercial,26.59,53.48
18.04,3,Saturday,residential,27.89,38.81
20.79,17,Wednesday,residential,32.12,58.25
18.21,2,Friday,residential,35.67,30.63
7.64,6,Monday,commercial,23.55,23.36
20.22,10,Wednesday,residential,28.39,64.1
15.23,6,Thursday,commercial,26.81,40.9
5.54,21,Thursday,commercial,20.87,19.11
15.66,11,Friday,residential,21.67,43.36
1.77,1,Saturday,residential,35.78,2.97
10.22,19,Thursday,commercial,35.84,29.09
12.96,7,Thursday,residential,17.75,43.81
19.59,4,Friday,residential,25.58,45.95
23.22,21,Tuesday,residential,24.56,56.73
11.78,20,Tuesday,commercial,20.87,40.64
15.61,2,Sunday,commercial,30.89,36.38
2.2,20,Monday,residential,18.96,6.96
14.26,5,Friday,commercial,17.75,57.84
22.12,1,Saturday,commercial,34.63,45.99
17.7,20,Saturday,commercial,29.01,43.93
10.63,14,Wednesday,residential,29.7,21.47
2.52,22,Tuesday,residential,24.48,6.18
21.92,4,Sunday,commercial,34.41,45.87
10.0,16,Wednesday,residential,33.38,17.97
4.54,0,Saturday,commercial,19.85,16.47
21.18,1,Wednesday,residential,19.95,63.7
12.32,9,Wednesday,commercial,35.71,35.19
6.83,19,Tuesday,residential,18.12,33.92
3.13,3,Wednesday,commercial,31.29,7.2
23.27,10,Saturday,residential,35.91,58.32
11.88,18,Sunday,commercial,18.95,63.95
23.11,6,Tuesday,residential,22.52,61.57
17.62,13,Friday,residential,38.11,27.74
22.67,9,Saturday,residential,27.22,74.96
18.9,9,Sunday,residential,27.56,61.72
10.43,1,Saturday,commercial,16.02,46.88
22.08,17,Sunday,commercial,35.13,64.11
9.66,10,Friday,residential,31.53,27.57
11.52,13,Tuesday,residential,29.29,23.6
4.5,21,Wednesday,residential,27.02,9.99
19.52,12,Wednesday,commercial,24.89,56.47
2.17,8,Thursday,commercial,15.52,14.26
24.32,23,Thursday,commercial,39.37,44.48
16.61,18,Monday,commercial,30.16,56.17
4.42,15,Monday,commercial,36.8,8.65
1.07,12,Monday,commercial,26.62,2.89
6.99,0,Friday,commercial,16.03,31.4
17.5,12,Sunday,commercial,30.91,40.76
9.72,9,Friday,commercial,18.2,54.47
1.34,17,Saturday,residential,33.27,3.62
11.95,10,Monday,residential,32.73,32.86
12.55,16,Monday,commercial,34.3,26.34
2.51,7,Sunday,residential,29.68,5.07
15.02,5,Tuesday,commercial,26.52,40.78
4.1,17,Monday,residential,33.66,10.96
19.2,22,Tuesday,commercial,26.93,51.33
19.81,17,Wednesday,commercial,24.56,82.27
21.38,11,Saturday,residential,33.97,37.76
18.13,21,Sunday,commercial,29.56,44.16
21.45,6,Monday,commercial,29.68,52.04
12.64,6,Saturday,commercial,23.59,38.58
20.06,5,Friday,commercial,18.68,77.32
7.59,8,Monday,residential,33.36,20.48
15.74,20,Friday,commercial,17.15,66.08
11.78,12,Tuesday,residential,33.72,20.96
22.18,17,Sunday,commercial,19.3,117.22
19.03,14,Wednesday,residential,23.3,49.0
1.89,12,Thursday,residential,35.13,3.23
3.26,0,Thursday,residential,33.01,5.93
11.94,17,Friday,commercial,24.83,49.05
3.13,2,Tuesday,commercial,18.27,12.33
15.71,8,Monday,commercial,32.43,49.41
12.24,17,Sunday,residential,22.58,48.79
18.88,6,Sunday,commercial,19.95,68.14
23.93,20,Saturday,commercial,25.87,66.6
4.62,0,Monday,residential,39.62,7.0
18.44,17,Tuesday,commercial,19.81,94.95
1.54,5,Monday,residential,28.67,3.22
11.46,21,Saturday,commercial,32.89,25.09
22.61,0,Tuesday,commercial,31.49,51.7
8.32,22,Friday,residential,34.66,14.4
21.17,23,Sunday,residential,33.8,37.58
22.54,4,Friday,residential,24.69,54.78
24.34,12,Saturday,commercial,21.95,79.84
17.8,18,Friday,residential,28.55,56.11
15.75,23,Tuesday,commercial,37.57,30.18
5.36,6,Friday,residential,27.58,11.66
8.42,0,Thursday,residential,28.06,18.0
1.74,3,Monday,commercial,25.76,4.86
19.71,15,Wednesday,commercial,27.46,51.68
8.23,15,Friday,commercial,18.29,32.4
1.89,21,Wednesday,commercial,16.92,8.04
23.78,5,Monday,residential,20.64,69.13
7.63,11,Sunday,commercial,36.09,15.22
18.27,10,Monday,residential,36.02,45.65
11.48,15,Monday,commercial,18.63,44.37
6.86,21,Thursday,residential,19.55,21.05
22.49,13,Thursday,commercial,24.54,65.99
1.85,11,Wednesday,commercial,28.7,4.64
16.07,17,Thursday,commercial,23.56,69.57
22.31,5,Thursday,residential,22.68,59.02
2.77,22,Monday,residential,29.43,5.65
12.65,18,Tuesday,commercial,36.23,35.61
22.92,13,Friday,residential,33.47,41.09
1.03,12,Friday,residential,31.45,1.97
5.36,6,Friday,commercial,24.86,15.52
8.54,16,Wednesday,commercial,36.08,17.04
9.48,13,Wednesday,commercial,37.55,18.18
18.58,17,Sunday,commercial,22.7,83.49
23.55,10,Wednesday,residential,15.69,135.09
8.66,11,Tuesday,residential,18.28,28.42
24.3,19,Saturday,commercial,30.18,82.13
5.85,16,Friday,commercial,32.48,12.97
23.77,15,Thursday,residential,18.89,75.5
16.54,22,Saturday,residential,31.35,31.66
21.54,10,Wednesday,commercial,15.94,137.83
16.22,15,Wednesday,residential,27.66,35.18
12.52,15,Sunday,commercial,24.84,36.29
11.31,14,Wednesday,commercial,38.94,20.91
14.57,14,Thursday,commercial,19.77,53.06
5.07,23,Friday,commercial,39.01,9.36
11.56,9,Tuesday,commercial,37.07,31.81
6.93,14,Tuesday,residential,15.57,26.71
11.58,5,Saturday,commercial,36.34,22.94
23.91,0,Saturday,commercial,37.77,45.58
17.36,22,Tuesday,residential,23.11,45.07
4.35,22,Saturday,commercial,19.92,15.72
12.54,15,Friday,commercial,37.82,23.87
2.01,1,Saturday,commercial,22.85,6.33
11.21,13,Saturday,residential,34.45,19.52
3.54,23,Tuesday,commercial,31.58,8.07
2.55,13,Wednesday,commercial,31.78,5.78
4.96,12,Monday,commercial,23.18,15.41
20.37,17,Wednesday,residential,15.92,115.16
24.87,3,Tuesday,commercial,26.88,66.62
12.77,23,Sunday,commercial,34.23,26.86
1.26,21,Tuesday,residential,19.34,3.91
5.57,23,Thursday,residential,17.32,19.3
4.26,22,Wednesday,residential,38.36,6.66
1.01,13,Friday,commercial,35.02,2.08
18.61,9,Friday,residential,17.91,93.52
11.16,17,Saturday,residential,34.28,29.3
17.87,14,Monday,residential,17.18,62.41
4.96,5,Saturday,commercial,16.88,21.16
23.67,13,Wednesday,residential,23.34,60.85
3.67,11,Wednesday,commercial,24.5,10.79
17.41,5,Monday,commercial,27.67,45.3
4.49,12,Thursday,commercial,15.84,20.41
10.23,3,Tuesday,residential,30.7,19.99
2.25,23,Wednesday,commercial,27.44,5.9
12.31,8,Monday,commercial,28.41,44.2
3.01,14,Tuesday,residential,28.41,6.36
4.7,12,Wednesday,residential,19.16,14.72
17.51,5,Wednesday,commercial,39.37,32.02
16.03,11,Wednesday,residential,27.64,34.8
4.27,9,Friday,residential,21.97,17.49
6.0,13,Monday,residential,15.16,23.75
21.16,22,Thursday,residential,30.98,40.98
19.16,19,Saturday,residential,28.49,60.53
2.09,9,Sunday,residential,26.65,7.06
6.47,18,Wednesday,commercial,38.24,17.26
23.07,17,Thursday,residential,18.0,115.35
6.0,6,Wednesday,residential,18.22,19.76
21.34,11,Monday,commercial,34.29,44.81
14.5,2,Wednesday,residential,30.17,28.84
19.83,17,Monday,commercial,36.8,54.96
15.79,19,Sunday,residential,28.13,50.52
15.82,1,Friday,commercial,32.54,35.0
9.12,14,Wednesday,commercial,31.92,20.57
22.12,6,Sunday,residential,37.78,35.13
16.71,9,Monday,residential,28.82,52.18
10.58,5,Thursday,residential,30.79,20.62
13.09,3,Monday,residential,32.66,24.05
8.97,12,Tuesday,residential,25.42,21.17
20.13,3,Friday,commercial,19.35,74.9
8.58,2,Friday,residential,37.85,13.6
2.47,12,Wednesday,residential,27.69,5.35
13.89,3,Thursday,residential,20.65,40.36
23.49,9,Wednesday,commercial,39.36,60.87
18.27,2,Friday,residential,30.74,35.66
13.59,22,Thursday,commercial,25.87,37.82
17.99,5,Monday,residential,18.51,58.31
14.35,10,Monday,residential,22.7,56.89
16.85,7,Wednesday,commercial,21.04,57.66
13.3,4,Saturday,commercial,27.9,34.32
1.95,10,Sunday,commercial,15.54,12.8
16.76,8,Friday,commercial,29.57,57.81
10.32,8,Monday,commercial,35.3,29.82
2.46,19,Saturday,commercial,22.28,11.26
7.75,13,Wednesday,residential,25.45,18.27
7.06,10,Saturday,commercial,36.7,19.62
17.69,4,Sunday,residential,34.73,30.56
4.96,6,Friday,commercial,35.96,9.93
6.81,4,Wednesday,residential,34.8,11.74
21.73,2,Thursday,commercial,38.63,40.5
13.96,1,Tuesday,residential,27.73,30.21
24.85,11,Friday,commercial,27.62,64.78
24.78,21,Friday,commercial,22.07,80.84
15.19,21,Tuesday,residential,30.0,30.38
5.34,3,Tuesday,residential,22.71,14.11
17.72,19,Saturday,residential,30.58,52.15
6.58,21,Monday,residential,25.9,15.24
18.08,17,Saturday,residential,21.83,74.54
2.95,22,Friday,commercial,17.54,12.11
13.7,15,Tuesday,residential,31.92,25.75
4.25,19,Sunday,residential,34.25,11.17
3.27,18,Saturday,commercial,31.37,10.63
8.15,19,Monday,residential,35.83,20.47
10.23,9,Wednesday,residential,22.99,40.05
18.51,23,Sunday,residential,30.18,36.8
8.1,10,Saturday,commercial,22.82,36.21
16.29,17,Friday,residential,38.1,38.48
17.46,11,Thursday,commercial,31.17,40.33
2.61,11,Thursday,commercial,30.63,6.14
10.39,5,Saturday,residential,22.25,28.02
2.37,23,Thursday,commercial,29.49,5.79
13.63,2,Wednesday,commercial,32.18,30.5
6.1,0,Tuesday,commercial,39.52,11.11
14.5,16,Sunday,commercial,30.27,34.49
10.86,8,Monday,residential,17.96,54.42
4.5,13,Monday,commercial,21.37,15.16
10.62,3,Wednesday,commercial,15.43,49.56
12.98,20,Friday,commercial,24.3,38.46
12.79,2,Wednesday,residential,17.1,44.88
1.07,22,Saturday,residential,36.05,1.78
8.14,19,Monday,residential,23.22,31.55
9.87,18,Saturday,commercial,25.57,39.37
14.78,22,Monday,residential,39.32,22.55
19.5,20,Wednesday,commercial,31.46,44.63
18.27,5,Friday,commercial,20.07,65.54
13.97,22,Friday,commercial,25.53,39.4
16.96,21,Tuesday,residential,20.44,49.78
5.97,21,Friday,residential,25.06,14.29
17.15,21,Tuesday,commercial,31.71,38.94
7.38,12,Wednesday,commercial,19.28,27.56
7.92,8,Saturday,residential,19.09,37.34
4.11,10,Thursday,residential,22.86,16.18
12.2,9,Saturday,commercial,25.03,49.72
18.07,19,Tuesday,residential,15.6,104.25
11.8,17,Wednesday,residential,29.12,36.47
13.59,2,Tuesday,commercial,30.15,32.45
6.78,2,Wednesday,residential,22.36,18.19
9.97,16,Monday,commercial,30.46,23.57
3.34,4,Wednesday,commercial,32.31,7.44
6.66,2,Tuesday,commercial,20.72,23.14
3.29,18,Wednesday,commercial,37.59,8.93
4.03,1,Thursday,residential,30.34,7.97
13.81,3,Thursday,residential,30.12,27.51
17.6,20,Tuesday,commercial,19.92,63.61
24.95,17,Friday,residential,31.31,71.72
8.42,5,Friday,residential,20.13,25.1
21.27,21,Wednesday,commercial,17.61,86.96
10.75,10,Saturday,residential,18.04,53.63
12.54,9,Thursday,commercial,31.54,40.55
20.7,19,Tuesday,commercial,32.43,65.11
12.8,20,Wednesday,commercial,38.2,24.13
22.59,21,Friday,residential,22.31,60.75
4.25,18,Saturday,commercial,33.02,13.13
4.92,10,Wednesday,commercial,16.79,29.89
3.52,13,Monday,residential,38.95,5.42
14.9,21,Tuesday,commercial,23.47,45.71
24.58,6,Monday,commercial,35.18,50.31
9.73,2,Monday,commercial,33.03,21.21
3.46,12,Saturday,residential,29.26,7.1
22.32,12,Wednesday,residential,22.74,58.89
17.81,22,Monday,residential,35.22,30.34
23.58,3,Tuesday,commercial,20.26,83.8
10.78,2,Monday,commercial,23.2,33.46
22.24,15,Tuesday,commercial,29.4,54.47
7.63,14,Thursday,commercial,34.92,15.73
21.98,18,Friday,commercial,20.14,111.32
18.9,15,Monday,residential,15.53,73.02
16.67,20,Saturday,residential,34.35,29.12
10.7,19,Friday,residential,31.84,30.24
13.7,7,Monday,commercial,18.64,52.92
10.03,9,Sunday,residential,24.22,37.27
8.56,3,Tuesday,residential,28.91,17.77
8.01,19,Monday,commercial,21.7,37.65
9.92,14,Tuesday,commercial,16.83,42.44
21.54,2,Friday,commercial,33.2,46.71
16.04,1,Sunday,commercial,23.9,48.32
23.83,3,Saturday,residential,38.03,37.6
23.21,3,Friday,commercial,24.79,67.41
10.9,8,Thursday,residential,24.49,40.06
5.34,2,Tuesday,residential,38.18,8.39
15.99,12,Wednesday,residential,34.31,27.96
6.55,22,Sunday,commercial,17.55,26.87
15.1,4,Wednesday,residential,25.61,35.38
21.55,23,Thursday,residential,18.02,71.75
8.7,10,Tuesday,commercial,27.1,32.75
11.11,21,Monday,residential,28.81,23.14
13.82,8,Friday,commercial,15.9,88.66
4.62,15,Friday,residential,22.98,12.06
22.47,10,Saturday,commercial,37.65,60.87
19.32,11,Monday,residential,24.83,46.69
13.41,17,Wednesday,residential,36.87,32.73
5.98,4,Monday,residential,17.34,20.69
24.05,10,Thursday,residential,21.78,99.38
13.54,19,Thursday,commercial,35.24,39.19
17.29,15,Thursday,residential,30.43,34.09
23.41,11,Friday,commercial,20.57,81.94
11.13,19,Monday,commercial,16.08,70.6
6.89,18,Wednesday,residential,34.17,18.15
5.48,6,Friday,commercial,19.08,20.68
22.87,15,Monday,residential,17.19,79.83
14.66,9,Thursday,residential,19.86,66.44
11.56,3,Thursday,commercial,24.91,33.41
8.4,13,Friday,commercial,28.39,21.3
20.95,2,Friday,commercial,34.68,43.49
2.38,15,Tuesday,commercial,36.76,4.66
22.19,19,Sunday,residential,33.4,59.79
3.95,23,Tuesday,commercial,15.93,17.85
15.45,16,Monday,commercial,31.0,35.88
20.75,15,Monday,commercial,25.8,57.91
7.19,20,Sunday,residential,38.25,11.28
6.74,6,Thursday,commercial,34.74,13.97
11.8,12,Tuesday,commercial,34.78,24.43
20.59,9,Tuesday,residential,30.3,61.16
7.32,8,Monday,commercial,36.88,20.25
15.48,20,Monday,residential,22.8,40.74
7.17,16,Thursday,commercial,30.15,17.12
3.43,19,Monday,commercial,18.18,19.24
10.76,23,Saturday,residential,15.39,41.95
13.93,20,Thursday,residential,22.91,36.48
15.57,13,Monday,commercial,35.35,31.71
8.28,22,Monday,residential,28.44,17.47
6.3,8,Thursday,residential,24.34,23.29
7.48,6,Tuesday,commercial,35.89,15.01
23.34,8,Thursday,residential,20.68,101.58
9.61,2,Monday,commercial,22.1,31.31
16.41,11,Wednesday,commercial,35.79,33.01
22.14,11,Thursday,commercial,38.22,41.71
6.81,10,Monday,residential,37.93,16.16
9.04,11,Wednesday,commercial,25.6,25.42
7.37,6,Saturday,residential,24.27,18.22
5.7,0,Monday,commercial,39.28,10.45
16.66,1,Monday,residential,26.36,37.92
1.95,9,Monday,residential,34.63,5.07
17.94,15,Saturday,commercial,28.08,46.0
3.27,16,Saturday,residential,31.52,6.22
21.1,20,Thursday,commercial,23.05,65.91
2.31,5,Wednesday,commercial,25.32,6.57
2.42,23,Tuesday,commercial,23.7,7.35
24.53,21,Wednesday,residential,33.46,43.99
10.47,17,Saturday,residential,23.3,40.44
12.91,7,Sunday,residential,20.08,38.58
12.37,3,Thursday,commercial,24.0,37.11
18.33,5,Monday,residential,34.54,31.84
2.24,9,Tuesday,commercial,39.84,5.73
6.7,4,Friday,commercial,22.77,21.19
16.85,12,Wednesday,commercial,28.83,42.08
12.17,6,Sunday,commercial,16.33,53.66
6.44,1,Thursday,residential,31.31,12.34
22.5,19,Friday,residential,37.23,54.39
3.24,23,Monday,commercial,29.78,7.83
17.03,2,Sunday,residential,35.67,28.65
15.41,20,Sunday,commercial,38.18,29.06
24.84,4,Saturday,residential,34.0,43.84
10.14,20,Friday,commercial,31.69,23.04
7.57,15,Wednesday,residential,15.5,29.3
1.27,11,Wednesday,residential,30.63,2.49
3.9,22,Sunday,residential,15.49,15.11
23.61,21,Sunday,residential,35.74,39.64
19.48,14,Sunday,residential,36.63,31.91
10.83,5,Friday,residential,27.46,23.66
8.64,14,Thursday,commercial,26.84,23.18
6.17,8,Thursday,commercial,15.01,41.93
5.34,14,Tuesday,residential,24.13,13.28
14.12,22,Tuesday,commercial,22.58,45.02
10.34,5,Friday,commercial,28.51,26.11
9.91,4,Monday,residential,22.35,26.6
4.98,12,Monday,residential,26.65,11.21
18.52,21,Wednesday,residential,24.4,45.54
3.65,17,Tuesday,residential,18.14,18.11
23.05,3,Monday,residential,24.9,55.54
6.5,8,Sunday,residential,17.39,33.64
4.2,6,Friday,residential,16.5,15.27
3.0,1,Wednesday,commercial,38.78,5.57
5.34,9,Saturday,commercial,26.64,20.45
6.4,0,Friday,commercial,15.91,28.96
19.62,19,Wednesday,commercial,25.31,79.07
8.15,22,Monday,commercial,32.51,18.05
21.18,0,Sunday,residential,38.81,32.74
2.19,14,Wednesday,residential,30.57,4.3
9.0,18,Saturday,commercial,19.65,46.72
6.51,2,Wednesday,commercial,18.14,25.84
18.5,20,Tuesday,residential,15.06,73.71
11.32,8,Tuesday,residential,30.67,33.22
1.64,20,Tuesday,residential,31.3,3.14
6.2,11,Friday,commercial,32.29,13.82
24.12,2,Saturday,residential,34.05,42.5
21.85,0,Tuesday,residential,22.96,57.1
4.96,19,Thursday,residential,32.32,13.81
1.82,3,Monday,residential,15.72,6.95
2.25,20,Friday,residential,18.34,7.36
22.79,19,Wednesday,residential,36.23,56.61
2.22,14,Sunday,residential,16.81,7.92
11.6,10,Saturday,commercial,29.58,40.0
20.31,12,Monday,commercial,19.53,74.88
22.04,17,Sunday,commercial,29.6,75.95
6.4,5,Thursday,commercial,26.55,17.36
19.57,15,Monday,residential,37.21,31.56
22.86,17,Thursday,commercial,16.67,139.88
9.67,17,Thursday,commercial,28.02,35.2
19.12,0,Monday,commercial,33.04,41.67
6.09,7,Thursday,residential,15.05,24.28
24.74,22,Saturday,commercial,23.95,74.37
2.96,11,Tuesday,commercial,38.2,5.58
3.79,7,Tuesday,residential,25.99,8.75
20.7,17,Tuesday,residential,34.12,54.6
11.15,21,Tuesday,residential,38.7,17.29
14.73,16,Sunday,residential,17.01,51.96
8.05,22,Saturday,residential,32.94,14.66
3.71,5,Monday,residential,22.25,10.0
22.21,23,Saturday,residential,17.0,78.39
1.37,12,Saturday,residential,39.16,2.1
24.58,15,Thursday,residential,37.24,39.6
2.01,6,Friday,commercial,39.99,3.62
11.05,1,Tuesday,commercial,23.73,33.53
7.33,17,Friday,residential,29.88,22.08
14.8,23,Saturday,residential,25.12,35.35
12.21,5,Monday,commercial,21.45,40.98
11.37,18,Friday,commercial,38.01,30.51
2.2,3,Thursday,commercial,23.35,6.78
13.66,22,Sunday,commercial,25.89,37.99
4.5,20,Sunday,residential,18.9,14.29
2.11,12,Thursday,commercial,34.16,4.45
24.5,14,Monday,commercial,21.92,80.47
19.8,4,Wednesday,commercial,15.15,94.1
7.66,11,Friday,commercial,37.94,14.54
24.58,22,Saturday,residential,30.07,49.05
4.07,2,Sunday,residential,38.81,6.29
15.23,8,Tuesday,commercial,23.35,66.53
7.49,10,Saturday,commercial,33.68,22.68
14.94,8,Monday,residential,38.01,35.37
5.95,1,Monday,commercial,25.27,16.95
20.95,13,Sunday,commercial,37.2,40.55
17.15,11,Friday,residential,37.01,27.8
4.45,20,Tuesday,commercial,39.26,8.16
15.41,11,Tuesday,commercial,23.57,47.07
17.5,20,Thursday,residential,20.17,52.06
4.58,20,Monday,residential,23.77,11.56
13.6,16,Monday,residential,27.21,29.99
24.13,7,Monday,commercial,24.93,69.69
24.82,13,Tuesday,residential,23.76,62.68
4.09,23,Friday,commercial,22.58,13.04
21.93,19,Thursday,commercial,24.72,90.49
7.38,4,Sunday,commercial,18.72,28.38
20.5,21,Monday,residential,19.28,63.8
17.27,14,Tuesday,commercial,17.86,69.62
23.97,14,Tuesday,residential,27.62,52.07
24.15,12,Thursday,commercial,32.35,53.75
6.66,11,Friday,residential,22.57,17.7
10.56,6,Thursday,residential,36.73,17.25
6.81,0,Friday,residential,36.31,11.25
10.71,17,Sunday,residential,17.47,55.17
21.48,6,Monday,commercial,18.63,83.01
18.35,18,Friday,residential,16.32,101.19
16.58,0,Tuesday,residential,21.75,45.74
5.16,0,Wednesday,residential,39.82,7.77
20.11,17,Monday,residential,32.1,56.38
4.54,11,Wednesday,residential,19.98,13.63
14.38,3,Tuesday,residential,27.74,31.1
2.86,13,Saturday,commercial,26.53,7.76
23.38,2,Monday,residential,19.41,72.27
19.81,19,Wednesday,residential,30.36,58.73
23.05,12,Saturday,residential,30.83,44.86
19.56,6,Monday,commercial,38.33,36.74
18.04,5,Friday,commercial,19.55,66.44
19.96,6,Thursday,commercial,26.09,55.08
21.33,18,Friday,commercial,37.97,57.3
6.1,21,Wednesday,commercial,33.86,12.97
20.84,14,Friday,residential,33.83,36.96
7.72,20,Friday,residential,33.61,13.78
23.57,15,Tuesday,residential,16.89,83.73
10.78,0,Sunday,residential,26.76,24.17
11.9,8,Tuesday,residential,15.68,68.3
6.3,23,Wednesday,residential,35.67,10.6
18.13,14,Wednesday,residential,20.49,53.09
20.84,0,Friday,residential,22.66,55.18
4.0,1,Monday,residential,38.36,6.26
21.41,3,Monday,residential,34.47,37.27
18.08,6,Thursday,commercial,33.52,38.84
20.34,15,Tuesday,commercial,29.18,50.19
1.98,3,Friday,commercial,25.23,5.65
5.64,10,Thursday,residential,16.34,31.06
17.18,9,Friday,residential,26.0,59.47
14.6,15,Tuesday,residential,21.18,41.36
20.3,5,Monday,commercial,39.48,37.02
4.47,21,Friday,commercial,19.07,16.88
10.42,5,Sunday,residential,35.95,17.39
24.18,5,Monday,commercial,35.2,49.46
13.33,6,Monday,commercial,25.12,38.21
8.35,19,Thursday,commercial,33.78,25.21
1.86,0,Friday,residential,18.38,6.07
7.88,22,Monday,residential,36.59,12.92
3.28,18,Friday,residential,25.46,11.59
20.39,7,Friday,commercial,18.31,80.18
7.53,5,Wednesday,commercial,16.71,32.45
7.62,0,Thursday,commercial,32.55,16.86
22.43,20,Wednesday,residential,22.9,58.77
15.29,1,Thursday,residential,27.79,33.01
23.27,19,Sunday,residential,20.04,104.51
1.7,18,Wednesday,commercial,29.78,5.82
2.85,4,Tuesday,residential,26.8,6.38
1.01,23,Saturday,residential,21.8,2.78
21.96,4,Saturday,commercial,26.59,59.46
24.39,19,Wednesday,commercial,32.18,77.31
20.55,17,Thursday,commercial,34.27,61.16
8.8,0,Friday,commercial,35.22,17.99
22.56,14,Tuesday,residential,19.27,70.24
6.25,6,Wednesday,commercial,29.06,15.49
3.0,4,Saturday,commercial,31.99,6.75
20.67,16,Saturday,residential,32.07,38.67
19.45,19,Saturday,commercial,15.77,125.8
20.25,19,Saturday,commercial,39.99,51.65
16.48,13,Tuesday,residential,15.03,65.79
3.99,17,Friday,residential,39.06,9.19
16.91,22,Sunday,residential,27.83,36.46
8.51,14,Tuesday,residential,23.6,21.64
19.81,20,Friday,residential,23.48,50.62
9.75,2,Saturday,commercial,36.99,18.98
9.17,15,Saturday,residential,27.99,19.66
1.78,15,Tuesday,commercial,17.41,7.36
8.95,14,Saturday,commercial,16.4,39.29
16.16,2,Friday,commercial,32.54,35.76
7.18,20,Friday,residential,35.91,12.0
7.75,22,Thursday,commercial,37.18,15.01
1.1,19,Thursday,commercial,23.81,4.71
9.68,22,Sunday,commercial,28.02,24.87
2.94,0,Saturday,residential,32.85,5.37
13.42,5,Saturday,residential,16.46,48.92
12.02,11,Sunday,commercial,31.95,27.09
21.46,2,Wednesday,commercial,37.05,41.7
19.81,14,Wednesday,residential,36.64,32.44
19.53,7,Friday,commercial,39.74,35.38
22.54,23,Thursday,residential,38.21,35.39
15.58,21,Sunday,commercial,29.39,38.17
8.37,5,Tuesday,commercial,32.7,18.43
14.0,0,Wednesday,commercial,20.5,49.17
5.89,22,Thursday,commercial,18.1,23.43
16.51,0,Friday,residential,39.56,25.04
15.71,19,Thursday,commercial,28.78,55.68
24.75,7,Saturday,residential,16.84,88.18
11.31,3,Sunday,residential,19.18,35.38
15.44,13,Thursday,commercial,25.25,44.03
17.29,14,Monday,commercial,37.24,33.43
11.3,13,Monday,residential,18.93,35.82
1.7,0,Friday,commercial,35.06,3.49
9.26,16,Wednesday,commercial,30.1,22.15
2.7,23,Friday,residential,16.85,9.61
1.12,16,Thursday,residential,19.87,3.38
3.42,20,Wednesday,residential,30.46,6.74
18.72,10,Friday,commercial,28.33,67.4
23.22,3,Wednesday,commercial,19.56,85.47
18.84,21,Saturday,commercial,33.24,40.81
17.92,3,Thursday,residential,29.62,36.3
22.12,7,Sunday,residential,24.87,53.37
21.05,19,Thursday,residential,30.85,61.41
1.59,0,Thursday,commercial,30.39,3.77
13.62,1,Wednesday,residential,40.0,20.43
3.29,23,Sunday,commercial,27.0,8.77
16.97,4,Tuesday,residential,31.69,32.13
19.09,7,Sunday,residential,28.51,40.18
9.86,5,Wednesday,residential,37.03,15.98
14.14,5,Thursday,commercial,22.36,45.53
4.75,15,Saturday,residential,37.35,7.63
20.47,22,Thursday,residential,32.62,37.65
19.84,3,Sunday,residential,32.41,36.73
17.44,17,Wednesday,residential,21.38,73.41
4.77,12,Tuesday,residential,20.02,14.3
13.52,4,Thursday,residential,35.21,23.04
24.45,17,Sunday,residential,17.89,123.0
18.13,11,Monday,commercial,34.83,37.48
22.38,5,Tuesday,commercial,22.32,72.19
3.82,1,Sunday,commercial,31.67,8.68
23.89,11,Wednesday,commercial,19.27,89.26
3.1,16,Sunday,commercial,31.11,7.17
10.72,12,Friday,commercial,33.5,23.04
3.23,13,Tuesday,residential,26.58,7.29
1.41,22,Sunday,residential,22.71,3.73
11.57,18,Thursday,residential,36.56,28.48
1.01,13,Sunday,residential,33.21,1.82
16.73,1,Saturday,commercial,18.6,64.76
23.11,17,Tuesday,commercial,25.33,93.06
5.42,12,Thursday,commercial,22.93,17.02
8.36,15,Monday,residential,18.93,26.5
5.59,1,Wednesday,commercial,21.86,18.41
5.45,13,Sunday,residential,17.24,18.97
13.95,22,Tuesday,residential,19.61,42.68
5.86,11,Tuesday,residential,33.74,10.42
9.23,8,Friday,residential,31.39,26.46
21.16,10,Wednesday,commercial,20.5,105.28
9.34,3,Tuesday,commercial,34.35,19.58
1.88,9,Thursday,commercial,39.48,4.86
16.28,5,Friday,commercial,26.14,44.84
8.05,11,Friday,residential,24.37,19.82
13.62,1,Friday,commercial,35.17,27.88
8.14,1,Saturday,commercial,22.12,26.5
1.32,6,Tuesday,commercial,39.4,2.41
19.22,13,Thursday,commercial,38.16,36.26
19.62,17,Thursday,commercial,25.03,79.95
8.02,14,Tuesday,residential,39.48,12.19
2.57,0,Sunday,commercial,15.54,11.91
20.61,7,Sunday,commercial,29.91,49.61
5.09,9,Saturday,residential,39.3,11.66
11.46,15,Saturday,commercial,25.39,32.5
4.63,13,Tuesday,residential,37.64,7.38
12.9,4,Sunday,residential,18.22,42.48
17.31,12,Friday,residential,34.88,29.78
13.14,14,Monday,residential,22.41,35.18
10.49,21,Saturday,commercial,26.77,28.21
4.82,21,Thursday,commercial,32.14,10.8
3.74,13,Thursday,residential,15.14,14.82
18.57,20,Tuesday,commercial,33.15,40.33
23.88,7,Thursday,commercial,25.62,67.11
6.06,6,Monday,residential,15.52,23.43
10.43,13,Thursday,commercial,22.55,33.3
23.25,2,Tuesday,residential,32.11,43.44
1.73,18,Thursday,commercial,25.74,6.86
19.7,22,Friday,residential,28.47,41.52
9.71,11,Monday,residential,15.64,37.25
18.78,4,Tuesday,commercial,19.83,68.19
5.27,23,Sunday,residential,36.74,8.61
17.13,3,Monday,commercial,31.12,39.63
23.28,9,Wednesday,commercial,31.18,76.16
8.22,0,Tuesday,residential,15.76,31.29
10.76,4,Tuesday,residential,30.68,21.04
21.22,18,Thursday,residential,33.92,56.3
3.31,9,Friday,residential,21.7,13.73
15.83,23,Sunday,commercial,22.1,51.57
10.93,7,Sunday,residential,29.26,22.41
10.38,21,Thursday,commercial,34.11,21.91
3.9,19,Thursday,residential,27.25,12.88
3.72,14,Tuesday,residential,27.72,8.05
5.26,10,Friday,residential,18.38,25.76
16.78,3,Friday,residential,20.77,48.47
15.86,22,Friday,residential,21.57,44.12
1.55,7,Tuesday,residential,33.26,2.8
14.33,2,Monday,commercial,28.33,36.42
19.41,19,Saturday,commercial,23.69,83.57
3.83,18,Wednesday,commercial,20.34,19.21
23.29,9,Friday,commercial,27.5,86.38
22.35,1,Sunday,residential,23.36,57.41
21.28,2,Saturday,residential,39.99,31.93
10.88,18,Thursday,commercial,19.08,58.16
14.47,17,Saturday,residential,24.97,52.15
8.77,21,Sunday,residential,19.06,27.61
12.51,14,Tuesday,residential,34.52,21.74
11.86,23,Thursday,commercial,19.86,43.0
12.42,15,Saturday,residential,22.07,33.77
20.01,2,Thursday,residential,37.77,31.79
17.6,19,Thursday,residential,22.01,71.97
17.89,21,Saturday,residential,24.75,43.37
13.93,16,Monday,residential,21.06,39.69
22.13,1,Saturday,residential,22.11,60.05
10.24,11,Sunday,commercial,21.15,34.86
1.11,0,Sunday,residential,36.33,1.83
12.24,13,Thursday,residential,22.88,32.1
15.67,14,Tuesday,commercial,29.44,38.32
8.73,9,Sunday,residential,39.34,19.97
23.76,20,Monday,commercial,15.44,110.8
21.2,2,Sunday,residential,36.96,34.42
18.2,15,Tuesday,commercial,20.59,63.64
24.81,13,Wednesday,commercial,37.27,47.93
15.68,12,Thursday,commercial,29.98,37.66
8.33,11,Sunday,commercial,38.96,15.39
7.88,20,Monday,residential,29.72,15.91
2.1,0,Wednesday,residential,16.45,7.66
21.6,5,Saturday,commercial,17.7,87.86
2.23,3,Tuesday,commercial,29.91,5.37
6.55,7,Tuesday,commercial,37.88,12.45
21.87,10,Friday,residential,27.41,71.81
22.21,12,Sunday,commercial,35.09,45.57
17.06,0,Wednesday,commercial,28.07,43.76
11.51,0,Tuesday,residential,22.05,31.32
3.5,0,Wednesday,residential,20.8,10.1
17.02,1,Monday,commercial,17.98,68.16
10.32,4,Friday,residential,32.02,19.34
22.9,10,Sunday,residential,32.74,62.95
22.91,18,Friday,commercial,16.54,141.28
24.09,7,Monday,commercial,19.34,89.68
20.52,5,Thursday,residential,25.72,47.87
9.48,9,Tuesday,residential,18.15,47.01
16.39,10,Thursday,commercial,26.29,63.59
19.46,23,Friday,commercial,26.6,52.67
19.29,11,Sunday,residential,15.89,72.84
22.08,22,Monday,commercial,19.19,82.84
23.47,8,Monday,residential,26.0,81.24
18.14,6,Saturday,commercial,22.05,59.23
5.46,6,Thursday,commercial,38.76,10.14
12.65,9,Thursday,commercial,22.59,57.12
17.79,21,Friday,residential,25.58,41.73
17.53,15,Monday,commercial,35.8,35.26
1.96,17,Monday,residential,29.67,5.95
22.05,14,Thursday,commercial,38.44,41.3
1.88,17,Wednesday,residential,25.98,6.51
10.2,16,Tuesday,residential,38.1,16.06
16.23,13,Saturday,commercial,39.6,29.51
19.46,5,Monday,commercial,23.96,58.48
24.1,5,Wednesday,residential,17.96,80.51
14.68,8,Tuesday,commercial,35.21,42.53
13.75,22,Thursday,commercial,23.45,42.22
5.97,13,Friday,residential,19.46,18.41
15.79,7,Thursday,commercial,17.84,63.73
5.93,17,Wednesday,commercial,30.74,19.68
7.55,23,Friday,commercial,26.29,20.68
24.68,1,Thursday,commercial,30.22,58.8
22.52,14,Friday,commercial,28.58,56.73
15.77,20,Wednesday,residential,27.92,33.89
19.99,2,Friday,residential,21.96,54.62
11.08,6,Friday,residential,21.76,30.55
4.53,5,Tuesday,commercial,20.96,15.56
2.52,11,Saturday,commercial,28.13,6.45
16.93,6,Monday,residential,17.14,59.26
11.54,1,Sunday,commercial,17.31,48.0
9.93,1,Thursday,commercial,34.02,21.02
5.43,17,Wednesday,commercial,18.01,30.75
6.38,6,Monday,commercial,22.27,20.63
18.12,8,Monday,residential,25.26,64.56
20.52,14,Sunday,residential,20.12,61.19
13.4,18,Tuesday,residential,36.02,33.48
12.12,10,Monday,residential,20.07,54.35
6.98,14,Tuesday,residential,27.37,15.3
17.77,21,Friday,commercial,38.25,33.45
21.95,21,Saturday,commercial,15.18,104.11
10.35,2,Saturday,residential,32.77,18.95
14.83,21,Tuesday,commercial,23.58,45.28
19.73,10,Monday,residential,27.77,63.94
6.95,15,Wednesday,residential,22.73,18.35
2.81,20,Sunday,residential,24.68,6.83
19.13,6,Friday,commercial,24.89,55.34
20.52,0,Monday,residential,15.69,78.47
15.32,0,Thursday,commercial,28.99,38.05
21.02,10,Tuesday,residential,33.95,55.72
3.4,4,Friday,commercial,17.05,14.36
20.2,17,Friday,commercial,23.35,88.24
16.51,4,Saturday,residential,17.38,57.0
13.76,23,Friday,commercial,34.66,28.58
23.89,10,Wednesday,residential,20.2,106.44
14.9,5,Thursday,commercial,15.01,71.47
6.36,17,Tuesday,commercial,36.34,17.85
12.66,5,Monday,commercial,33.25,27.41
1.71,20,Tuesday,residential,37.26,2.75
20.81,6,Saturday,residential,36.95,33.79
5.76,18,Saturday,residential,21.75,23.83
7.56,16,Friday,commercial,37.09,14.68
12.38,18,Sunday,residential,30.85,36.12
4.28,11,Sunday,residential,20.84,12.32
4.56,21,Friday,residential,25.57,10.7
10.13,18,Saturday,residential,17.58,51.86
21.51,2,Saturday,residential,31.4,41.1
14.57,3,Saturday,commercial,15.01,69.89
3.08,16,Friday,commercial,24.67,8.99
7.77,12,Thursday,commercial,27.74,20.17
8.27,2,Sunday,commercial,20.22,29.45
17.39,16,Tuesday,commercial,23.95,52.28
3.3,10,Tuesday,residential,35.36,8.4
19.45,15,Tuesday,residential,37.23,31.35
1.71,6,Monday,commercial,31.63,3.89
22.53,16,Sunday,residential,34.21,39.51
20.09,2,Tuesday,residential,15.96,75.53
24.45,22,Friday,commercial,32.48,54.2
10.24,1,Tuesday,residential,31.12,19.74
20.97,12,Monday,commercial,16.48,91.62
5.49,19,Thursday,commercial,16.06,34.87
8.36,19,Thursday,residential,27.68,27.18
19.75,0,Thursday,commercial,20.45,69.54
12.85,6,Tuesday,commercial,15.3,60.47
6.19,9,Tuesday,commercial,17.95,35.17
11.05,2,Wednesday,commercial,28.99,27.44
24.65,15,Sunday,commercial,36.59,48.51
11.93,5,Thursday,residential,26.59,26.92
6.97,8,Thursday,residential,19.52,32.14
1.82,20,Saturday,commercial,30.68,4.27
17.13,23,Saturday,residential,20.96,49.04
18.77,23,Wednesday,residential,18.02,62.5
22.49,21,Wednesday,commercial,35.62,45.46
17.92,9,Monday,residential,37.14,43.42
10.64,10,Monday,commercial,15.73,68.99
7.58,22,Thursday,commercial,18.9,28.88
23.21,9,Friday,commercial,30.29,78.16
16.75,14,Sunday,commercial,21.83,55.25
8.9,1,Sunday,residential,25.22,21.17
4.66,7,Saturday,commercial,26.48,12.67
24.6,17,Friday,residential,33.55,65.99
10.27,10,Friday,residential,31.72,29.14
15.28,22,Sunday,residential,30.0,30.56
19.36,3,Tuesday,commercial,33.34,41.81
24.58,20,Thursday,residential,22.51,65.52
18.25,22,Wednesday,residential,24.65,44.42
24.59,18,Thursday,commercial,39.65,63.26
11.13,15,Tuesday,commercial,23.86,33.59
19.85,17,Wednesday,residential,36.18,49.38
4.96,21,Tuesday,commercial,34.4,10.38
6.44,1,Sunday,residential,37.61,10.27
11.71,23,Monday,commercial,22.17,38.03
10.55,18,Saturday,commercial,39.54,27.22
1.99,8,Sunday,residential,30.99,5.78
10.73,9,Monday,residential,19.75,48.9
3.43,21,Saturday,residential,31.07,6.62
16.33,16,Wednesday,commercial,30.11,39.05
23.79,23,Wednesday,residential,31.33,45.56
12.9,14,Friday,residential,26.52,29.19
10.9,5,Monday,residential,35.47,18.44
3.13,15,Tuesday,commercial,32.31,6.97
15.63,9,Saturday,commercial,33.16,48.08
2.38,2,Tuesday,residential,38.7,3.69
21.16,22,Tuesday,residential,33.86,37.5
10.85,18,Thursday,commercial,20.82,53.16
24.78,3,Wednesday,commercial,24.42,73.06
24.9,23,Tuesday,commercial,24.52,73.12
23.63,1,Friday,commercial,27.22,62.5
4.16,12,Thursday,residential,32.1,7.78
8.48,1,Wednesday,commercial,15.91,38.38
8.92,5,Tuesday,residential,15.61,34.29
17.25,2,Wednesday,commercial,28.88,43.01
13.19,22,Sunday,residential,26.63,29.72
6.69,10,Friday,residential,17.53,34.35
7.31,18,Friday,residential,16.83,39.09
24.16,8,Wednesday,commercial,23.22,106.13
2.09,17,Thursday,residential,27.79,6.77
15.62,6,Wednesday,commercial,20.17,55.76
2.51,21,Sunday,residential,17.75,8.48
24.14,5,Tuesday,commercial,34.82,49.92
8.36,11,Sunday,commercial,21.36,28.18
24.23,22,Sunday,commercial,27.94,62.44
5.23,10,Friday,residential,30.27,15.55
17.9,23,Tuesday,residential,30.08,35.7
20.53,21,Friday,commercial,31.52,46.9
1.78,2,Tuesday,commercial,25.31,5.06
4.22,10,Thursday,residential,31.88,11.91
12.47,10,Tuesday,commercial,39.96,31.83
12.74,2,Friday,residential,33.17,23.04
21.43,21,Saturday,commercial,30.29,50.94
15.57,11,Thursday,residential,35.16,26.57
8.96,15,Sunday,commercial,38.19,16.89
9.2,4,Wednesday,commercial,19.56,33.87
8.66,2,Wednesday,commercial,36.73,16.98
12.07,5,Thursday,commercial,37.97,22.89
3.06,12,Sunday,residential,15.77,11.64
23.44,16,Thursday,residential,22.04,63.81
1.04,14,Sunday,residential,38.93,1.6
7.75,11,Friday,residential,28.81,16.14
21.11,23,Wednesday,commercial,20.56,73.93
16.47,1,Monday,commercial,19.68,60.26
2.64,15,Saturday,residential,31.97,4.95
6.16,17,Tuesday,commercial,26.87,23.38
22.81,9,Sunday,commercial,36.18,64.31
1.57,8,Monday,residential,18.04,7.83
7.36,9,Saturday,commercial,24.14,31.1
11.09,2,Saturday,commercial,20.79,38.41
23.27,17,Thursday,residential,36.14,57.95
21.1,17,Wednesday,residential,32.01,59.33
3.59,3,Thursday,commercial,18.31,14.12
2.17,21,Tuesday,residential,27.05,4.81
16.61,0,Wednesday,residential,26.67,37.37
2.91,3,Wednesday,commercial,21.9,9.57
14.46,16,Friday,commercial,17.18,60.6
24.99,5,Saturday,residential,38.11,39.34
7.2,14,Monday,commercial,35.18,14.74
20.03,22,Tuesday,commercial,25.4,56.78
11.03,16,Monday,residential,18.59,35.6
6.99,21,Monday,commercial,35.83,14.05
14.75,9,Thursday,residential,24.89,53.33
11.25,7,Thursday,commercial,35.48,22.83
12.52,3,Wednesday,commercial,26.29,34.29
2.39,19,Wednesday,residential,32.5,6.62
12.77,21,Tuesday,residential,23.89,32.07
11.46,9,Saturday,residential,16.33,63.16
2.06,1,Tuesday,residential,25.8,4.79
4.93,6,Monday,residential,27.71,10.67
19.85,0,Monday,commercial,25.13,56.87
3.21,9,Tuesday,residential,25.35,11.4
3.93,6,Wednesday,residential,28.58,8.25
19.18,20,Sunday,commercial,29.81,46.33
15.57,1,Monday,commercial,25.1,44.66
2.12,11,Tuesday,commercial,32.16,4.75
15.22,18,Friday,commercial,31.55,49.21
24.4,4,Friday,residential,37.11,39.45
19.21,19,Saturday,residential,25.71,67.25
8.45,15,Thursday,residential,15.82,32.05
16.35,13,Thursday,residential,39.43,24.88
3.98,4,Sunday,commercial,22.82,12.56
21.27,2,Friday,residential,31.89,40.02
3.88,19,Tuesday,commercial,15.43,25.65
14.16,7,Sunday,residential,35.06,24.23
23.14,13,Friday,residential,27.59,50.32
10.45,23,Monday,commercial,17.96,41.89
13.82,0,Sunday,commercial,22.35,44.52
23.25,16,Wednesday,residential,28.06,49.71
8.33,19,Wednesday,commercial,18.88,45.0
22.83,11,Wednesday,residential,15.8,86.7
21.18,3,Monday,residential,36.53,34.79
9.84,0,Tuesday,residential,35.16,16.79
6.32,17,Thursday,commercial,23.74,27.15
8.57,16,Thursday,commercial,34.09,18.1
17.87,14,Saturday,residential,34.09,31.45
6.64,5,Tuesday,residential,31.43,12.68
20.4,16,Wednesday,residential,23.3,52.53
11.73,19,Thursday,commercial,24.46,48.91
13.56,13,Friday,commercial,26.14,37.35
11.04,11,Sunday,residential,37.93,17.46
9.49,10,Friday,commercial,34.79,27.82
6.64,6,Thursday,residential,33.01,12.07
10.18,23,Friday,residential,22.51,27.13
19.23,11,Monday,residential,37.82,30.51
2.76,14,Friday,residential,36.92,4.49
24.38,12,Thursday,residential,17.75,82.41
1.66,20,Wednesday,residential,24.16,4.12
2.91,8,Saturday,residential,27.35,9.58
7.14,0,Saturday,commercial,31.54,16.3
24.11,19,Tuesday,residential,21.59,100.5
14.08,13,Tuesday,residential,36.01,23.46
6.53,7,Wednesday,residential,16.56,23.66
6.45,11,Sunday,commercial,33.45,13.88
17.62,23,Wednesday,residential,16.86,62.7
22.53,17,Thursday,commercial,19.74,116.42
11.5,10,Friday,residential,21.49,48.16
15.99,19,Tuesday,commercial,37.18,43.87
12.07,19,Sunday,commercial,28.53,43.15
8.95,9,Thursday,commercial,25.14,36.31
17.83,6,Tuesday,residential,35.11,30.47
11.3,5,Friday,commercial,32.85,24.77
21.79,12,Friday,commercial,21.43,73.21
5.38,6,Friday,residential,19.52,16.54
21.42,2,Saturday,commercial,29.42,52.42
1.39,13,Sunday,commercial,15.12,6.62
2.61,5,Thursday,commercial,16.55,11.35
6.79,10,Saturday,commercial,22.32,31.03
22.71,3,Sunday,commercial,31.6,51.74
24.18,22,Thursday,residential,33.12,43.8
8.6,16,Wednesday,commercial,17.85,34.69
2.85,5,Tuesday,residential,20.92,8.17
22.8,21,Monday,residential,33.89,40.37
3.98,21,Monday,residential,35.91,6.65
7.98,3,Wednesday,commercial,30.0,19.15
2.63,20,Sunday,residential,27.35,5.77
11.04,18,Saturday,residential,21.4,46.43
20.31,9,Friday,commercial,19.28,107.45
12.89,22,Tuesday,residential,27.66,27.96
21.88,16,Monday,commercial,28.15,55.96
18.42,15,Thursday,residential,23.23,47.58
4.54,4,Sunday,residential,19.82,13.74
3.45,11,Monday,commercial,27.74,8.95
9.64,16,Sunday,residential,27.25,21.23
19.53,2,Wednesday,residential,31.41,37.31
14.11,3,Saturday,residential,31.97,26.48
14.24,0,Monday,residential,18.22,46.89
5.26,12,Monday,residential,28.75,10.98
1.67,7,Sunday,commercial,21.37,5.63
1.51,1,Sunday,commercial,30.0,3.62
23.09,8,Thursday,commercial,21.05,111.89
12.01,12,Friday,commercial,26.54,32.58
14.76,19,Tuesday,commercial,31.75,47.42
20.84,23,Monday,residential,19.77,63.25
17.27,13,Saturday,residential,28.24,36.69
17.89,19,Sunday,commercial,33.19,54.98
3.56,9,Friday,commercial,29.82,12.18
16.62,5,Monday,commercial,17.03,70.27
2.75,20,Sunday,residential,39.78,4.15
13.06,15,Wednesday,residential,39.45,19.86
13.19,1,Sunday,commercial,18.26,52.01
1.59,23,Wednesday,residential,21.25,4.49
5.86,15,Friday,commercial,22.71,18.58
3.06,2,Sunday,commercial,24.6,8.96
11.67,1,Saturday,residential,25.74,27.2
22.48,13,Saturday,residential,26.36,51.17
19.5,10,Friday,residential,15.45,113.59
13.11,16,Friday,commercial,22.65,41.67
3.27,6,Tuesday,residential,36.79,5.33
7.28,18,Tuesday,commercial,33.03,22.48
20.99,13,Tuesday,commercial,30.53,49.5
21.33,0,Sunday,commercial,18.39,83.51
23.58,1,Friday,residential,35.59,39.75
15.97,21,Friday,residential,20.53,46.67
23.02,6,Wednesday,commercial,36.69,45.17
11.99,2,Friday,commercial,22.72,38.0
11.84,8,Friday,residential,26.57,40.11
20.78,18,Friday,commercial,32.25,65.72
8.04,6,Saturday,residential,18.89,25.54
17.2,19,Saturday,residential,38.78,39.92
3.02,23,Wednesday,residential,26.66,6.8
2.2,11,Thursday,residential,37.66,3.51
2.98,20,Tuesday,commercial,16.93,12.67
13.31,20,Friday,residential,38.88,20.54
8.83,5,Thursday,commercial,33.94,18.73
14.29,3,Thursday,commercial,23.27,44.21
20.96,6,Friday,residential,25.59,49.14
3.51,2,Sunday,commercial,36.79,6.87
9.2,18,Thursday,residential,16.83,49.2
17.35,16,Monday,residential,36.67,28.39
6.96,20,Tuesday,residential,31.23,13.37
2.5,17,Sunday,residential,26.89,8.37
12.86,4,Sunday,residential,19.42,39.73
20.69,11,Saturday,commercial,20.01,74.45
24.52,18,Tuesday,commercial,21.49,116.38
10.7,22,Saturday,residential,37.19,17.26
21.03,5,Tuesday,commercial,32.34,46.82
1.18,16,Monday,residential,33.96,2.08
19.13,18,Monday,commercial,21.29,91.65
12.69,20,Friday,residential,34.92,21.8
22.68,3,Wednesday,residential,18.29,74.4
11.57,22,Monday,residential,32.33,21.47
20.52,18,Monday,commercial,37.76,55.43
21.85,5,Tuesday,residential,27.85,47.07
14.76,12,Sunday,residential,15.49,57.17
20.25,0,Monday,commercial,29.51,49.41
18.88,7,Sunday,residential,29.99,37.77
1.49,20,Monday,residential,17.12,5.22
9.06,14,Monday,residential,30.68,17.72
8.83,16,Saturday,residential,33.14,15.99
17.42,16,Monday,commercial,23.04,54.44
2.06,12,Tuesday,residential,30.06,4.11
7.88,20,Monday,commercial,20.31,27.94
18.94,9,Sunday,commercial,38.35,50.37
14.39,11,Friday,commercial,26.57,38.99
23.57,21,Friday,commercial,31.32,54.18
8.89,19,Wednesday,residential,27.06,29.57
14.63,10,Wednesday,residential,18.87,69.78
17.37,13,Tuesday,residential,33.14,31.45
5.07,8,Monday,residential,39.36,11.59
19.98,11,Sunday,residential,29.79,40.24
14.85,13,Thursday,residential,19.11,46.62
15.62,9,Wednesday,residential,36.25,38.78
17.51,23,Thursday,commercial,39.33,32.05
4.34,3,Friday,commercial,18.51,16.88
12.86,5,Monday,residential,38.86,19.86
14.52,15,Wednesday,commercial,20.42,51.2
17.15,2,Monday,residential,17.16,59.97
19.73,20,Saturday,commercial,29.72,47.8
17.43,20,Wednesday,commercial,23.83,52.66
19.56,8,Friday,residential,16.82,104.66
21.97,8,Monday,residential,29.39,67.28
12.6,5,Wednesday,residential,31.88,23.71
24.36,18,Monday,commercial,32.16,77.26
9.74,10,Monday,residential,18.34,47.8
6.59,18,Thursday,commercial,25.95,25.9
13.93,19,Thursday,commercial,20.37,69.75
14.29,18,Wednesday,residential,36.39,35.34
1.44,20,Tuesday,residential,28.6,3.02
16.49,13,Monday,commercial,24.89,47.7
13.53,1,Thursday,residential,31.14,26.07
7.47,14,Wednesday,commercial,26.48,20.31
13.57,13,Thursday,commercial,35.3,27.68
15.04,2,Monday,commercial,36.91,29.34
14.57,11,Saturday,residential,30.11,29.03
13.91,4,Monday,commercial,34.25,29.24
11.67,5,Tuesday,commercial,22.65,37.1
12.81,4,Wednesday,residential,31.66,24.28
20.78,1,Saturday,commercial,26.79,55.85
14.74,8,Saturday,residential,32.39,40.96
16.63,5,Friday,commercial,31.6,37.89
23.12,18,Wednesday,residential,24.78,83.97
13.37,19,Sunday,commercial,26.1,52.25
8.48,2,Sunday,commercial,25.8,23.67
3.86,1,Tuesday,commercial,25.01,11.11
15.94,7,Thursday,residential,27.94,34.23
23.47,7,Wednesday,commercial,20.72,81.56
5.0,8,Wednesday,commercial,19.62,25.99
5.57,12,Sunday,residential,31.09,10.75
1.19,16,Sunday,commercial,21.15,4.05
19.0,8,Sunday,residential,27.06,63.19
8.32,10,Sunday,residential,21.09,35.5
13.56,14,Thursday,residential,37.97,21.43
22.44,23,Tuesday,residential,16.5,81.6
5.76,0,Sunday,residential,23.71,14.58
15.64,13,Tuesday,commercial,34.92,32.25
18.13,19,Tuesday,residential,23.12,70.58
7.54,16,Sunday,commercial,26.85,20.22
14.65,1,Monday,commercial,24.62,42.84
1.07,13,Wednesday,commercial,31.58,2.44
10.57,16,Friday,residential,37.63,16.85
13.87,23,Thursday,commercial,31.28,31.93
22.33,4,Tuesday,residential,31.97,41.91
17.23,5,Monday,commercial,36.83,33.68
12.41,12,Thursday,commercial,17.6,50.77
21.82,22,Saturday,commercial,30.76,51.07
24.98,19,Monday,commercial,24.45,104.21
5.51,0,Wednesday,commercial,16.65,23.83
13.39,6,Thursday,residential,23.36,34.39
22.8,15,Friday,commercial,37.78,43.45
24.05,17,Monday,residential,15.13,143.06
5.98,15,Friday,residential,23.85,15.04
3.21,15,Saturday,residential,21.77,8.85
8.87,1,Saturday,residential,34.12,15.6
2.58,19,Saturday,commercial,18.67,14.1
2.53,9,Saturday,residential,36.99,6.16
1.91,13,Friday,commercial,16.19,8.49
6.84,22,Wednesday,commercial,21.22,23.21
4.67,14,Saturday,residential,24.23,11.56
8.68,5,Saturday,commercial,39.91,15.66
1.48,23,Thursday,residential,15.57,5.7
5.53,5,Saturday,residential,32.52,10.2
4.83,23,Monday,residential,37.17,7.8
10.22,9,Sunday,commercial,31.6,32.99
18.57,5,Tuesday,residential,25.45,43.78
4.39,19,Wednesday,commercial,18.85,23.75
18.21,14,Tuesday,commercial,17.29,75.83
23.08,5,Friday,commercial,16.28,102.07
1.64,17,Wednesday,commercial,22.81,7.33
24.41,15,Wednesday,commercial,23.81,73.81
6.9,10,Wednesday,residential,25.92,23.96
12.06,22,Friday,residential,20.42,35.44
15.65,1,Saturday,commercial,36.91,30.53
24.71,9,Tuesday,commercial,33.53,75.17
5.47,2,Sunday,commercial,32.15,12.25
18.27,22,Thursday,residential,24.13,45.43
4.47,9,Sunday,commercial,16.03,28.44
18.68,12,Tuesday,residential,30.99,36.17
1.92,23,Monday,residential,34.46,3.34
24.67,11,Friday,commercial,31.58,56.25
16.28,20,Sunday,commercial,16.82,69.69
21.6,17,Wednesday,commercial,28.82,76.45
12.71,4,Monday,commercial,37.05,24.7
20.04,23,Friday,residential,26.02,46.21
6.56,20,Friday,commercial,19.52,24.2
4.74,23,Monday,commercial,33.88,10.07
24.18,20,Monday,commercial,27.33,63.7
11.74,5,Monday,residential,16.22,43.43
5.09,18,Wednesday,residential,29.32,15.62
17.79,8,Monday,residential,27.37,58.5
20.17,0,Wednesday,residential,20.32,59.56
5.74,3,Thursday,residential,35.79,9.62
21.01,10,Wednesday,commercial,20.92,102.44
3.29,10,Thursday,residential,25.08,11.81
2.14,12,Tuesday,residential,25.87,4.96
24.66,22,Friday,commercial,20.93,84.83
17.06,21,Saturday,residential,16.28,62.87
5.76,6,Wednesday,commercial,34.29,12.09
18.77,2,Saturday,commercial,21.78,62.05
12.24,1,Friday,residential,25.66,28.62
8.22,14,Wednesday,commercial,36.39,16.26
22.97,10,Monday,commercial,27.64,84.77
18.17,16,Monday,residential,37.91,28.76
2.21,2,Thursday,commercial,26.0,6.12
7.27,9,Wednesday,commercial,23.4,31.69
21.12,16,Wednesday,commercial,22.53,67.49
23.12,2,Saturday,commercial,20.89,79.69
16.74,23,Sunday,residential,38.55,26.05
13.42,20,Friday,commercial,21.76,44.4
4.68,6,Tuesday,residential,24.63,11.4
4.18,19,Thursday,residential,24.81,15.16
3.69,15,Thursday,commercial,20.06,13.24
16.54,16,Monday,commercial,20.6,57.81
12.75,2,Sunday,commercial,30.59,30.01
17.34,19,Monday,residential,27.44,56.87
8.62,2,Saturday,commercial,36.32,17.09
3.56,10,Friday,commercial,39.78,9.13
12.27,21,Thursday,commercial,29.97,29.48
11.74,21,Sunday,residential,21.57,32.66
8.1,2,Monday,commercial,38.88,15.0
7.74,6,Wednesday,residential,31.2,14.88
8.83,17,Tuesday,commercial,30.11,29.91
12.38,2,Wednesday,residential,20.74,35.81
9.39,12,Friday,residential,36.33,15.51
8.67,16,Sunday,residential,34.41,15.12
16.19,6,Thursday,commercial,32.04,36.38
9.31,8,Friday,residential,36.72,22.82
22.15,4,Monday,commercial,30.07,53.04
4.17,19,Friday,commercial,32.16,13.23
6.51,22,Thursday,commercial,19.34,24.24
9.23,11,Monday,commercial,21.54,30.85
5.5,3,Friday,commercial,29.01,13.65
3.11,6,Saturday,residential,18.98,9.83
8.61,10,Monday,commercial,25.47,34.48
15.98,17,Saturday,residential,21.18,67.9
11.89,17,Sunday,commercial,30.14,40.24
17.58,14,Sunday,residential,18.05,58.44
7.21,2,Monday,commercial,16.76,30.97
23.33,17,Saturday,residential,29.5,71.18
9.48,15,Friday,commercial,18.09,37.73
2.44,0,Monday,commercial,31.13,5.64
15.59,6,Tuesday,commercial,20.73,54.15
16.18,13,Tuesday,residential,29.11,33.35
23.69,16,Wednesday,residential,31.19,45.57
20.17,13,Tuesday,residential,29.49,41.04
11.46,7,Friday,commercial,16.98,48.59
12.36,10,Friday,residential,17.09,65.09
1.69,16,Wednesday,residential,18.29,5.54
18.32,18,Friday,commercial,29.96,62.37
1.57,16,Monday,residential,29.99,3.14
12.11,8,Wednesday,commercial,20.03,61.67
9.08,20,Wednesday,residential,38.27,14.24
7.64,1,Saturday,residential,23.34,19.64
18.25,21,Wednesday,commercial,26.9,48.85
14.74,19,Tuesday,residential,39.2,33.84
13.25,8,Sunday,residential,19.39,61.5
17.32,0,Sunday,residential,16.04,64.79
5.2,19,Monday,residential,29.88,15.66
14.26,1,Friday,residential,29.38,29.12
13.98,3,Friday,commercial,35.71,28.19
6.84,12,Thursday,commercial,21.95,22.44
11.4,12,Saturday,commercial,33.78,24.3
17.52,17,Sunday,commercial,25.59,69.83
11.81,22,Tuesday,commercial,30.78,27.63
20.53,22,Friday,commercial,23.82,62.06
4.5,9,Monday,commercial,38.95,11.78
18.21,5,Monday,residential,21.52,50.77
22.16,18,Monday,residential,23.89,83.48
18.34,8,Thursday,commercial,25.29,73.97
17.69,17,Saturday,commercial,34.49,52.32
24.61,14,Sunday,commercial,18.47,95.94
19.03,22,Friday,residential,30.46,37.49
24.89,8,Thursday,residential,29.89,74.94
23.84,19,Wednesday,commercial,28.67,84.82
1.91,11,Sunday,residential,33.89,3.38
12.25,16,Saturday,commercial,24.03,36.7
16.43,21,Saturday,commercial,20.03,59.06
10.37,14,Tuesday,residential,30.87,20.16
7.49,5,Wednesday,residential,23.41,19.2
24.77,5,Wednesday,residential,21.62,68.74
4.86,10,Friday,residential,16.49,26.53
22.82,19,Wednesday,residential,29.34,70.0
3.3,2,Thursday,residential,37.69,5.25
9.47,2,Monday,residential,25.17,22.57
15.18,0,Friday,commercial,31.14,35.1
2.93,20,Wednesday,residential,27.53,6.39
4.19,4,Saturday,commercial,29.75,10.14
22.39,19,Monday,residential,34.04,59.2
1.33,11,Saturday,commercial,16.88,5.67
17.71,18,Saturday,residential,36.51,43.66
20.78,1,Monday,residential,26.98,46.21
20.79,15,Wednesday,commercial,23.09,64.83
16.37,14,Monday,residential,17.06,57.57
21.51,11,Tuesday,residential,22.13,58.32
18.05,12,Saturday,commercial,29.69,43.77
10.41,1,Friday,commercial,15.83,47.35
21.16,14,Thursday,residential,20.14,63.04
15.59,22,Sunday,commercial,28.61,39.23
1.33,0,Saturday,residential,27.5,2.9
10.15,13,Saturday,commercial,39.32,18.59
14.34,23,Friday,residential,28.91,29.76
22.78,2,Friday,commercial,30.76,53.32
5.18,10,Saturday,residential,31.08,15.0
11.52,0,Wednesday,residential,20.41,33.87
13.25,14,Saturday,commercial,18.08,52.77
23.91,8,Friday,residential,26.11,82.42
11.72,14,Thursday,residential,24.7,28.47
14.85,22,Saturday,commercial,20.54,52.05
3.56,13,Tuesday,commercial,15.94,16.08
6.25,1,Monday,commercial,39.63,11.36
13.84,12,Monday,residential,31.54,26.33
9.8,6,Wednesday,commercial,16.98,41.55
12.81,9,Monday,residential,29.75,38.75
6.44,10,Monday,commercial,27.48,23.9
20.15,22,Monday,residential,15.57,77.65
14.86,18,Monday,residential,30.39,44.01
12.45,4,Friday,commercial,25.29,35.44
14.52,17,Monday,commercial,30.72,48.21
24.78,8,Monday,commercial,15.94,158.57
13.22,15,Tuesday,residential,20.6,38.5
19.23,2,Friday,commercial,34.85,39.73
15.34,1,Tuesday,commercial,37.71,29.29
1.29,0,Monday,residential,19.21,4.03
13.09,2,Thursday,commercial,26.22,35.95
18.87,14,Friday,commercial,36.99,36.73
13.55,1,Monday,commercial,23.56,41.41
21.64,3,Sunday,residential,15.52,83.66
21.4,5,Wednesday,residential,21.48,59.78
13.97,6,Monday,residential,32.0,26.19
5.11,18,Thursday,residential,19.83,23.19
2.01,8,Thursday,commercial,21.6,9.49
14.07,5,Sunday,commercial,15.76,64.28
9.72,20,Wednesday,residential,38.4,15.19
18.92,16,Saturday,residential,21.85,51.95
10.04,5,Saturday,residential,22.11,27.25
24.88,5,Sunday,residential,34.36,43.45
6.31,14,Friday,commercial,23.0,19.75
10.74,3,Tuesday,commercial,16.86,45.86
7.19,21,Sunday,residential,38.49,11.21
10.56,21,Monday,residential,39.37,16.09
24.95,19,Wednesday,residential,28.56,78.62
20.42,13,Tuesday,residential,21.08,58.12
23.41,20,Wednesday,residential,29.77,47.18
21.66,12,Saturday,residential,22.84,56.9
22.68,16,Saturday,residential,25.9,52.54
24.45,0,Wednesday,residential,38.94,37.67
6.82,8,Saturday,residential,18.33,33.49
2.46,5,Wednesday,residential,38.65,3.82
6.11,16,Friday,commercial,26.43,16.64
14.1,23,Monday,commercial,33.27,30.51
5.88,13,Saturday,commercial,30.77,13.76
24.17,12,Monday,commercial,18.37,94.73
19.86,22,Wednesday,residential,19.16,62.19
19.89,12,Thursday,commercial,20.56,69.65
21.09,15,Sunday,commercial,20.87,72.76
3.73,18,Sunday,residential,27.42,12.24
12.03,2,Sunday,residential,23.93,30.16
9.26,10,Sunday,residential,32.07,25.99
10.12,18,Sunday,residential,23.02,39.57
16.79,7,Saturday,residential,38.9,25.9
14.46,19,Monday,residential,21.73,59.89
15.45,16,Saturday,commercial,21.56,51.6
23.45,19,Saturday,commercial,22.45,106.54
12.25,11,Monday,residential,19.28,38.12
22.22,12,Saturday,commercial,15.4,103.89
3.33,18,Tuesday,residential,28.59,10.48
13.49,8,Wednesday,residential,31.01,39.15
12.95,21,Saturday,commercial,20.62,45.22
16.85,13,Monday,commercial,23.47,51.69
15.29,17,Tuesday,commercial,24.17,64.53
18.91,13,Sunday,residential,30.13,37.66
18.64,4,Monday,residential,35.99,31.08
24.97,14,Wednesday,commercial,39.21,45.85
3.1,15,Wednesday,residential,23.09,8.06
21.35,7,Monday,residential,30.22,42.39
22.12,17,Monday,residential,33.37,59.66
4.99,18,Sunday,residential,33.05,13.59
5.09,11,Tuesday,commercial,25.81,14.2
18.41,7,Wednesday,commercial,37.4,35.44
16.58,0,Wednesday,commercial,39.34,30.34
10.8,15,Wednesday,residential,28.58,22.67
1.34,8,Thursday,residential,26.27,4.59
10.84,12,Saturday,residential,28.55,22.78
23.75,14,Monday,commercial,34.97,48.9
2.17,2,Saturday,commercial,32.63,4.79
18.95,19,Monday,commercial,18.99,101.79
23.05,23,Saturday,commercial,23.23,71.44
15.31,7,Sunday,commercial,20.42,53.98
9.29,10,Friday,commercial,38.86,24.38
7.11,8,Friday,residential,25.47,25.12
9.85,11,Sunday,residential,16.05,36.82
17.9,20,Wednesday,residential,24.12,44.53
3.17,0,Tuesday,residential,21.13,9.0
9.19,13,Saturday,residential,39.03,14.13
13.63,18,Thursday,residential,33.75,36.35
18.15,13,Friday,commercial,39.41,33.16
5.79,9,Tuesday,commercial,17.06,34.62
10.38,20,Wednesday,residential,35.81,17.39
12.87,0,Tuesday,residential,38.59,20.01
9.69,19,Saturday,residential,16.16,53.97
5.84,20,Wednesday,residential,34.48,10.16
8.28,16,Thursday,commercial,32.71,18.23
22.46,21,Wednesday,residential,31.65,42.58
4.39,18,Thursday,commercial,32.38,13.83
7.38,1,Wednesday,commercial,20.56,25.84
15.88,18,Thursday,residential,35.1,40.72
22.91,19,Monday,commercial,27.59,84.7
5.35,20,Tuesday,commercial,29.27,13.16
5.89,2,Saturday,commercial,22.77,18.62
16.35,5,Sunday,commercial,16.02,73.48
8.7,11,Tuesday,residential,37.33,13.98
23.35,8,Saturday,commercial,23.38,101.87
16.52,20,Tuesday,residential,15.33,64.66
13.57,1,Saturday,residential,35.64,22.85
22.35,8,Wednesday,commercial,33.29,68.48
5.8,14,Thursday,residential,35.09,9.92
11.49,17,Thursday,residential,25.88,39.96
2.41,22,Tuesday,commercial,34.66,5.01
13.31,19,Sunday,commercial,23.42,57.97
7.04,0,Sunday,commercial,39.38,12.87
22.09,7,Saturday,residential,19.42,68.25
23.47,8,Wednesday,residential,27.53,76.73
11.7,6,Sunday,residential,23.39,30.01
13.83,4,Monday,commercial,31.64,31.47
13.32,19,Thursday,residential,25.33,47.33
18.61,18,Wednesday,commercial,16.68,113.8
8.73,7,Monday,commercial,15.93,39.46
9.26,2,Tuesday,commercial,31.71,21.03
6.21,23,Sunday,residential,22.32,16.69
12.72,16,Saturday,commercial,19.78,46.3
15.87,19,Monday,residential,36.59,39.04
20.79,19,Thursday,commercial,16.13,131.47
10.96,4,Monday,residential,18.36,35.82
20.98,19,Wednesday,residential,34.88,54.13
15.61,16,Wednesday,residential,26.69,35.09
24.1,16,Tuesday,commercial,20.03,86.63
6.22,20,Wednesday,residential,27.36,13.64
3.59,6,Monday,commercial,35.88,7.2
10.22,0,Thursday,residential,23.9,25.66
12.76,11,Friday,commercial,38.9,23.62
4.81,16,Sunday,commercial,27.87,12.43
12.11,18,Friday,commercial,33.11,37.31
23.32,9,Sunday,commercial,32.26,73.73
24.05,22,Thursday,commercial,26.08,66.4
12.28,21,Thursday,residential,15.79,46.66
4.59,1,Thursday,commercial,21.57,15.32
2.61,13,Wednesday,commercial,31.58,5.95
13.45,6,Wednesday,residential,22.49,35.88
9.52,20,Sunday,residential,26.48,21.57
22.29,20,Sunday,residential,16.09,83.12
6.34,16,Saturday,residential,16.98,22.4
8.45,5,Wednesday,commercial,31.67,19.21
2.8,3,Saturday,commercial,37.06,5.44
2.93,12,Wednesday,commercial,36.58,5.77
5.05,17,Saturday,commercial,17.36,29.67
3.53,0,Friday,residential,30.77,6.88
23.5,0,Friday,commercial,24.41,69.32
16.5,16,Saturday,residential,28.3,34.98
16.5,4,Thursday,residential,25.27,39.18
20.73,2,Tuesday,residential,36.44,34.13
7.58,4,Saturday,residential,25.2,18.05
12.55,20,Monday,commercial,22.17,40.76
13.75,15,Tuesday,commercial,20.58,48.1
17.79,7,Tuesday,residential,30.02,35.56
7.88,4,Saturday,residential,36.93,12.8
5.05,3,Tuesday,residential,17.66,17.16
18.32,9,Tuesday,residential,21.29,77.44
13.95,21,Friday,residential,16.01,52.28
19.93,7,Friday,residential,35.31,33.87
24.18,19,Sunday,commercial,34.39,71.72
13.71,8,Thursday,residential,20.75,59.47
18.76,21,Friday,commercial,35.61,37.93
2.98,5,Thursday,residential,17.0,10.52
7.63,4,Sunday,commercial,15.86,34.64
14.56,11,Tuesday,residential,16.48,53.01
14.23,18,Saturday,residential,26.42,48.47
11.86,12,Monday,commercial,31.67,26.96
10.04,16,Sunday,commercial,17.31,41.76
9.64,2,Tuesday,residential,29.25,19.77
16.17,2,Friday,commercial,36.08,32.27
2.54,15,Saturday,commercial,24.01,7.62
11.7,20,Wednesday,commercial,29.83,28.24
8.27,0,Tuesday,commercial,37.64,15.82
4.64,21,Monday,commercial,24.87,13.43
13.14,13,Wednesday,residential,27.21,28.97
7.82,19,Wednesday,commercial,32.3,24.69
14.35,15,Saturday,commercial,36.3,28.46
18.66,8,Wednesday,residential,27.63,60.78
8.86,17,Friday,commercial,36.57,24.71
16.54,11,Monday,commercial,32.54,36.6
16.45,2,Thursday,residential,21.1,46.78
8.18,10,Wednesday,residential,29.23,25.19
5.2,6,Saturday,residential,37.25,8.38
11.57,1,Sunday,residential,24.27,28.6
7.29,13,Friday,residential,20.78,21.05
9.99,17,Wednesday,residential,27.84,32.3
17.98,22,Sunday,residential,34.61,31.17
14.71,6,Friday,residential,17.58,50.2
15.67,21,Saturday,commercial,24.72,45.64
8.04,22,Thursday,residential,20.22,23.86
23.48,14,Sunday,commercial,32.23,52.45
20.69,18,Sunday,residential,35.4,52.6
5.38,3,Sunday,commercial,30.45,12.72
15.4,11,Saturday,residential,18.85,49.02
3.88,22,Tuesday,commercial,25.28,11.05
10.6,10,Sunday,commercial,31.4,34.43
4.14,1,Thursday,residential,35.61,6.98
2.26,12,Tuesday,commercial,38.66,4.21
11.01,6,Friday,commercial,37.11,21.36
1.14,19,Friday,residential,36.53,2.81
8.44,0,Saturday,commercial,37.92,16.03
7.35,23,Sunday,commercial,35.61,14.86
17.44,22,Wednesday,commercial,31.27,40.16
9.53,1,Saturday,residential,28.15,20.31
3.43,10,Monday,residential,29.94,10.31
18.62,15,Monday,commercial,38.03,35.25
6.35,13,Friday,commercial,31.07,14.72
9.36,13,Sunday,commercial,29.37,22.95
15.96,23,Saturday,residential,27.01,35.45
5.22,11,Sunday,residential,15.18,20.63
24.71,15,Sunday,residential,21.71,68.29
19.65,21,Monday,residential,39.43,29.9
21.43,19,Sunday,commercial,16.0,136.62
12.02,16,Monday,residential,31.12,23.17
17.33,23,Monday,residential,26.19,39.7
4.24,2,Thursday,commercial,30.71,9.94
9.47,5,Friday,commercial,27.98,24.37
4.57,20,Tuesday,commercial,21.45,15.34
6.45,5,Thursday,residential,33.85,11.43
18.82,17,Thursday,residential,17.88,94.73
11.46,15,Wednesday,residential,21.2,32.43
4.01,0,Friday,commercial,23.85,12.11
1.72,19,Thursday,residential,20.98,7.38
14.51,0,Saturday,commercial,24.22,43.13
9.48,8,Monday,commercial,35.01,27.62
13.49,20,Monday,residential,25.38,31.89
11.0,12,Friday,residential,34.12,19.34
14.63,16,Wednesday,residential,20.93,41.94
9.55,14,Monday,residential,18.25,31.4
19.81,10,Friday,residential,28.95,61.59
2.58,10,Friday,commercial,36.25,7.26
13.03,0,Monday,commercial,33.0,28.43
20.29,10,Thursday,residential,24.15,75.61
20.4,13,Wednesday,commercial,26.37,55.7
20.46,20,Tuesday,commercial,22.28,66.12
22.06,21,Friday,commercial,16.28,97.56
20.79,0,Sunday,commercial,28.36,52.78
10.04,18,Saturday,commercial,37.08,27.62
15.72,4,Thursday,commercial,19.72,57.4
22.45,21,Friday,residential,37.94,35.5
6.73,23,Tuesday,residential,32.8,12.31
11.42,2,Saturday,commercial,15.22,54.02
23.57,1,Thursday,commercial,37.73,44.98
10.22,12,Monday,residential,22.27,27.53
16.55,20,Monday,residential,28.71,34.59
8.65,18,Thursday,commercial,31.07,28.4
18.11,10,Sunday,commercial,16.35,112.98
2.17,16,Wednesday,commercial,39.92,3.91
16.07,4,Monday,commercial,21.56,53.67
20.52,13,Monday,residential,21.59,57.03
10.92,8,Friday,commercial,18.96,58.75
21.14,18,Thursday,commercial,24.09,89.51
24.79,21,Sunday,residential,27.92,53.27
17.62,1,Tuesday,residential,23.13,45.71
3.89,2,Wednesday,commercial,31.13,9.0
13.34,6,Thursday,commercial,20.74,46.31
21.58,13,Wednesday,residential,23.71,54.61
22.76,21,Saturday,residential,16.43,83.12
20.43,17,Monday,commercial,38.72,53.82
3.6,13,Friday,residential,37.06,5.83
14.0,12,Monday,commercial,16.08,62.69
23.94,17,Wednesday,commercial,25.68,95.09
22.76,22,Thursday,commercial,28.33,57.84
3.03,0,Monday,residential,30.4,5.98
7.81,6,Sunday,residential,33.98,13.79
22.34,20,Monday,commercial,21.7,74.12
8.02,1,Tuesday,commercial,32.29,17.88
23.33,14,Monday,commercial,28.25,59.46
22.77,21,Saturday,commercial,31.67,51.77
16.09,7,Monday,commercial,39.82,29.09
9.1,16,Friday,commercial,22.1,29.65
2.09,12,Monday,residential,28.03,4.47
19.75,4,Wednesday,commercial,24.89,57.13
23.86,6,Wednesday,residential,23.13,61.89
13.94,2,Monday,commercial,18.01,55.73
15.2,7,Sunday,commercial,27.51,39.78
4.53,13,Wednesday,commercial,27.41,11.9
23.83,10,Thursday,residential,25.82,83.06
12.76,5,Thursday,commercial,39.85,23.05
9.71,13,Saturday,commercial,38.79,18.02
1.01,3,Tuesday,residential,38.09,1.59
9.13,8,Saturday,commercial,37.73,24.68
3.43,23,Friday,residential,37.18,5.54
16.73,4,Monday,commercial,27.49,43.82
9.94,10,Sunday,commercial,24.39,41.57
13.0,0,Wednesday,commercial,32.76,28.57
8.2,4,Sunday,residential,21.27,23.13
7.22,2,Thursday,residential,25.7,16.86
5.7,8,Tuesday,residential,21.22,24.18
9.1,12,Sunday,commercial,26.15,25.06
22.26,19,Tuesday,residential,22.1,90.65
8.01,7,Thursday,commercial,36.09,15.98
5.23,2,Saturday,commercial,21.75,17.31
18.37,7,Thursday,residential,19.18,57.47
19.59,7,Thursday,residential,26.56,44.25
11.99,12,Wednesday,residential,24.45,29.42
13.29,19,Saturday,commercial,39.19,34.59
12.62,14,Thursday,commercial,22.46,40.46
7.93,3,Saturday,commercial,18.77,30.42
9.83,22,Saturday,residential,31.39,18.79
13.12,20,Monday,residential,35.11,22.42
13.28,7,Sunday,residential,20.45,38.96
25.0,7,Tuesday,residential,29.29,51.21
23.36,8,Saturday,residential,23.99,87.64
19.55,11,Wednesday,commercial,24.98,56.35
24.6,3,Monday,residential,33.27,44.36
9.98,20,Saturday,commercial,20.98,34.25
18.65,7,Saturday,residential,21.02,53.24
14.39,3,Thursday,commercial,23.38,44.31
22.35,13,Monday,commercial,15.25,105.52
9.74,9,Sunday,commercial,15.51,64.05
13.8,1,Thursday,residential,27.69,29.9
16.64,17,Sunday,residential,34.31,43.65
19.45,20,Monday,commercial,24.03,58.28
22.74,21,Sunday,commercial,34.99,46.79
6.68,7,Saturday,residential,35.23,11.38
6.01,9,Sunday,residential,24.56,22.02
9.77,16,Tuesday,residential,15.85,36.98
12.29,17,Tuesday,residential,31.58,35.03
16.36,10,Sunday,commercial,26.34,63.35
14.19,7,Thursday,commercial,33.05,30.91
7.01,2,Saturday,residential,26.49,15.88
16.63,11,Saturday,commercial,19.21,62.33
8.57,4,Friday,residential,37.93,13.56
7.88,13,Tuesday,commercial,35.89,15.81
9.03,0,Thursday,residential,39.63,13.67
2.05,20,Friday,commercial,29.06,5.08
9.91,22,Monday,commercial,20.18,35.36
16.5,15,Sunday,commercial,36.32,32.71
23.86,10,Friday,residential,23.06,93.12
2.71,21,Monday,residential,39.57,4.11
4.38,12,Friday,residential,15.6,16.85
1.27,2,Monday,residential,30.56,2.49
5.85,12,Sunday,commercial,38.78,10.86
14.67,13,Sunday,commercial,27.86,37.91
8.86,11,Friday,commercial,33.27,19.17
20.42,2,Wednesday,commercial,22.48,65.4
5.92,4,Sunday,residential,29.81,11.92
1.0,0,Monday,commercial,38.69,1.86
5.76,0,Saturday,residential,23.08,14.97
10.5,18,Thursday,commercial,35.84,29.88
21.97,15,Sunday,commercial,18.09,87.44
22.18,16,Thursday,residential,18.18,73.2
13.02,22,Sunday,residential,18.52,42.18
15.28,5,Tuesday,residential,33.76,27.16
2.28,21,Thursday,commercial,34.44,4.77
6.06,17,Saturday,commercial,15.45,40.01
20.92,20,Monday,residential,25.99,48.3
9.27,1,Wednesday,residential,39.77,13.99
17.62,10,Saturday,commercial,29.38,61.17
11.71,11,Sunday,residential,16.46,42.69
14.83,3,Tuesday,commercial,38.93,27.43
13.47,3,Monday,residential,26.84,30.11
21.74,14,Sunday,residential,27.25,47.87
2.15,11,Sunday,residential,36.73,3.51
24.7,16,Saturday,commercial,28.75,61.86
20.47,7,Thursday,commercial,28.13,52.39
21.04,18,Wednesday,residential,38.65,48.99
11.56,20,Monday,residential,33.98,20.41
5.62,6,Tuesday,residential,29.17,11.56
20.76,23,Friday,residential,30.75,40.51
1.84,1,Tuesday,commercial,38.02,3.48
23.99,13,Wednesday,residential,37.28,38.61
24.14,5,Sunday,commercial,18.86,92.16
17.37,16,Sunday,residential,32.12,32.45
8.88,3,Thursday,commercial,24.62,25.97
20.62,7,Wednesday,commercial,23.7,62.64
14.95,17,Tuesday,commercial,28.49,53.52
3.26,8,Monday,commercial,15.07,22.07
11.67,20,Tuesday,commercial,35.39,23.74
7.32,9,Thursday,residential,37.37,17.63
16.81,14,Friday,residential,29.99,33.63
12.83,23,Saturday,residential,35.85,21.47
2.58,21,Saturday,commercial,30.0,6.19
10.51,9,Tuesday,commercial,37.97,28.23
8.04,12,Tuesday,commercial,26.28,22.03
24.3,17,Saturday,residential,23.83,91.78
1.03,1,Thursday,commercial,19.77,3.75
17.96,14,Monday,commercial,16.76,77.16
5.48,16,Thursday,commercial,29.64,13.31
18.98,22,Thursday,residential,38.43,29.63
3.54,17,Wednesday,residential,19.58,16.27
4.73,7,Monday,commercial,37.94,8.98
1.88,2,Sunday,residential,32.52,3.47
23.05,10,Monday,residential,23.75,87.35
5.73,12,Sunday,residential,25.61,13.42
15.71,15,Saturday,commercial,35.26,32.08
19.99,16,Sunday,commercial,37.28,38.61
5.19,3,Sunday,residential,34.2,9.11
8.16,10,Tuesday,commercial,35.84,23.22
9.37,9,Wednesday,commercial,22.98,41.59
6.37,9,Saturday,commercial,27.28,23.82
16.2,4,Friday,residential,31.19,31.16
16.63,23,Friday,commercial,19.03,62.92
13.38,21,Sunday,commercial,35.67,27.01
12.07,22,Tuesday,commercial,20.33,42.75
19.27,11,Thursday,commercial,32.71,42.42
12.42,22,Friday,residential,16.51,45.14
24.01,3,Wednesday,residential,36.18,39.82
19.52,11,Wednesday,residential,38.06,30.77
23.35,16,Monday,residential,24.0,58.38
6.47,5,Saturday,residential,36.76,10.56
11.27,2,Sunday,residential,37.11,18.22
5.03,17,Tuesday,commercial,17.35,29.57
17.81,17,Tuesday,commercial,19.7,92.21
10.26,1,Thursday,commercial,22.01,33.56
23.35,12,Tuesday,residential,29.73,47.12
21.23,18,Friday,commercial,19.19,112.84
5.72,7,Friday,commercial,21.04,19.57
16.33,16,Tuesday,commercial,15.69,74.94
1.2,0,Monday,residential,25.97,2.77
6.64,23,Saturday,commercial,23.73,20.15
8.7,23,Friday,commercial,18.13,34.55
5.38,5,Thursday,commercial,35.71,10.85
19.54,20,Tuesday,commercial,35.3,39.85
20.24,15,Saturday,commercial,34.47,42.28
9.59,14,Saturday,residential,37.15,15.49
2.89,14,Monday,residential,26.33,6.59
9.88,8,Saturday,commercial,32.44,31.07
18.72,6,Tuesday,residential,19.01,59.08
17.39,22,Wednesday,residential,27.16,38.42
14.11,8,Saturday,commercial,23.15,62.17
13.15,5,Monday,residential,28.34,27.84
9.77,13,Tuesday,residential,25.13,23.33
11.52,10,Wednesday,commercial,31.77,36.99
13.22,14,Friday,commercial,25.17,37.82
23.12,17,Wednesday,residential,31.98,65.07
21.66,13,Sunday,commercial,30.15,51.73
2.0,14,Thursday,residential,37.76,3.18
13.25,0,Wednesday,residential,21.14,37.61
3.54,23,Wednesday,residential,24.39,8.71
9.56,0,Saturday,residential,30.67,18.7
7.99,4,Wednesday,residential,26.42,18.15
3.56,22,Saturday,residential,23.82,8.97
16.23,9,Friday,commercial,27.96,59.21
13.22,14,Monday,commercial,34.26,27.78
8.2,8,Tuesday,residential,36.08,20.45
16.11,13,Wednesday,commercial,37.97,30.55
4.9,16,Wednesday,residential,23.26,12.64
14.38,19,Wednesday,commercial,37.65,38.96
2.85,0,Monday,commercial,38.51,5.33
6.8,10,Tuesday,commercial,28.68,24.18
6.44,10,Monday,residential,27.76,20.88
22.03,14,Friday,residential,38.12,34.67
16.78,11,Monday,residential,18.11,55.59
17.55,21,Saturday,commercial,35.24,35.86
13.92,8,Saturday,residential,34.39,36.43
4.37,12,Sunday,residential,25.22,10.4
23.23,16,Wednesday,residential,23.18,60.13
3.93,13,Thursday,commercial,29.98,9.44
3.52,9,Friday,residential,34.05,9.3
8.8,22,Sunday,residential,36.77,14.36
5.01,1,Thursday,residential,33.87,8.88
11.52,6,Monday,residential,35.04,19.73
22.6,0,Wednesday,residential,30.58,44.34
4.14,23,Saturday,commercial,19.64,15.18
14.55,9,Monday,residential,23.45,55.84
3.52,21,Thursday,commercial,15.38,16.48
19.97,7,Thursday,commercial,23.97,59.98
5.02,18,Sunday,commercial,38.38,13.34
5.89,3,Friday,commercial,25.17,16.85
21.1,0,Wednesday,commercial,19.43,78.19
22.25,13,Wednesday,commercial,18.26,87.73
3.29,9,Friday,residential,39.29,7.54
16.06,4,Tuesday,commercial,18.65,62.0
11.21,22,Monday,commercial,27.54,29.31
3.02,18,Wednesday,residential,26.46,10.27
12.95,11,Wednesday,commercial,25.34,36.8
6.21,6,Friday,residential,31.83,11.71
7.22,14,Thursday,commercial,37.4,13.9
14.15,6,Friday,residential,38.71,21.93
1.66,2,Thursday,commercial,32.23,3.71
12.09,21,Saturday,commercial,31.58,27.56
16.02,12,Thursday,commercial,21.94,52.57
3.49,14,Sunday,residential,36.94,5.67
16.0,11,Sunday,residential,33.23,28.89
13.35,22,Sunday,commercial,29.58,32.49
3.2,2,Friday,commercial,32.23,7.15
23.36,3,Friday,residential,21.21,66.08
7.06,23,Tuesday,residential,18.84,22.48
11.58,23,Monday,residential,30.9,22.49
6.14,7,Saturday,commercial,19.95,22.16
18.32,20,Sunday,residential,16.9,65.04
15.94,0,Thursday,commercial,26.44,43.41
2.03,2,Monday,commercial,37.74,3.87
15.99,3,Thursday,residential,22.36,42.91
20.97,16,Saturday,residential,30.86,40.77
24.4,1,Friday,residential,25.19,58.12
8.05,10,Monday,residential,22.04,32.87
14.38,0,Tuesday,commercial,23.6,43.87
6.04,22,Sunday,commercial,17.07,25.48
21.01,8,Friday,residential,31.62,59.8
19.27,21,Tuesday,commercial,39.94,34.74
17.51,18,Tuesday,commercial,30.25,59.04
10.29,14,Tuesday,commercial,23.14,32.02
1.54,13,Friday,residential,36.62,2.52
11.57,13,Thursday,residential,38.43,18.06
6.25,6,Thursday,commercial,39.41,11.42
18.38,16,Saturday,residential,17.51,62.98
22.79,13,Wednesday,commercial,17.58,93.34
14.26,12,Wednesday,residential,33.65,25.43
14.81,8,Friday,commercial,17.49,86.37
7.63,4,Thursday,residential,20.05,22.83
9.98,0,Friday,residential,22.61,26.48
22.23,18,Sunday,residential,31.32,63.88
3.72,3,Sunday,residential,25.78,8.66
7.22,14,Thursday,residential,34.22,12.66
2.91,0,Friday,residential,32.02,5.45
22.21,23,Sunday,residential,31.47,42.35
17.45,13,Sunday,commercial,31.78,39.53
23.93,20,Monday,commercial,18.43,93.49
24.56,0,Wednesday,residential,33.91,43.46
14.69,22,Saturday,residential,25.17,35.02
14.54,23,Saturday,residential,27.32,31.93
1.69,0,Saturday,commercial,38.46,3.16
8.24,12,Tuesday,residential,27.73,17.83
23.31,6,Monday,residential,29.01,48.21
8.77,22,Tuesday,commercial,25.34,24.92
24.06,6,Tuesday,commercial,25.9,66.88
15.31,22,Monday,residential,34.23,26.84
11.52,6,Sunday,residential,38.64,17.89
15.35,19,Wednesday,commercial,36.74,42.62
13.73,13,Monday,residential,26.57,31.0
3.2,20,Tuesday,commercial,15.14,15.22
21.61,21,Wednesday,commercial,22.92,67.88
23.68,22,Friday,residential,32.55,43.65
22.03,11,Monday,residential,16.3,81.09
7.58,5,Friday,residential,36.2,12.56
18.04,8,Thursday,commercial,29.6,62.16
9.02,2,Tuesday,residential,28.55,18.96
22.77,17,Wednesday,commercial,39.47,58.84
16.66,7,Friday,commercial,35.28,34.0
4.28,12,Thursday,commercial,34.56,8.92
22.88,18,Monday,residential,19.09,107.87
11.47,9,Wednesday,commercial,24.14,48.46
18.58,9,Wednesday,commercial,38.8,48.84
9.9,6,Friday,commercial,36.49,19.53
21.99,17,Tuesday,commercial,32.0,70.09
19.5,16,Sunday,residential,23.59,49.6
16.56,15,Tuesday,residential,23.87,41.63
19.2,5,Thursday,residential,39.3,29.31
21.69,6,Monday,commercial,15.06,103.7
6.98,1,Tuesday,commercial,18.23,27.57
9.39,9,Friday,residential,37.37,22.61
9.33,18,Saturday,residential,35.64,23.56
4.45,1,Sunday,residential,18.34,14.56
4.58,12,Wednesday,residential,24.85,11.06
3.79,11,Saturday,commercial,27.79,9.82
23.12,18,Thursday,commercial,18.31,128.8
3.13,9,Tuesday,residential,26.62,10.58
17.26,17,Wednesday,residential,19.43,79.95
8.23,23,Tuesday,commercial,35.32,16.78
6.68,10,Tuesday,commercial,29.66,22.97
15.06,3,Saturday,residential,20.46,44.16
12.63,9,Tuesday,commercial,29.83,43.19
18.42,23,Wednesday,residential,35.43,31.19
8.07,11,Wednesday,residential,17.84,27.14
6.35,21,Tuesday,residential,32.74,11.64
17.76,17,Wednesday,commercial,37.43,48.4
24.21,4,Friday,commercial,15.31,113.85
21.9,2,Sunday,commercial,31.29,50.39
22.1,10,Sunday,residential,22.15,89.8
24.59,12,Friday,residential,30.59,48.23
23.63,12,Saturday,commercial,20.86,81.56
1.18,2,Monday,residential,31.46,2.25
5.16,13,Tuesday,residential,17.64,17.55
14.24,18,Sunday,residential,30.45,42.09
9.22,17,Monday,residential,18.12,45.79
13.6,11,Wednesday,residential,16.82,48.51
13.75,0,Tuesday,commercial,16.96,58.37
8.79,7,Saturday,commercial,29.93,21.15
17.72,0,Wednesday,commercial,39.3,32.46
12.72,21,Thursday,commercial,38.55,23.76
19.76,6,Sunday,residential,38.39,30.88
18.55,5,Tuesday,commercial,19.65,67.97
2.62,1,Tuesday,residential,23.42,6.71
16.94,7,Tuesday,residential,33.53,30.31
11.29,8,Monday,residential,20.62,49.28
17.82,5,Wednesday,commercial,17.14,74.86
14.71,19,Saturday,commercial,38.22,39.26
5.11,14,Wednesday,residential,32.71,9.37
4.85,0,Monday,residential,27.09,10.74
11.94,9,Monday,commercial,16.87,72.19
3.55,18,Wednesday,residential,22.12,14.44
18.61,21,Tuesday,commercial,20.89,64.14
13.35,3,Wednesday,residential,29.85,26.83
10.19,10,Thursday,commercial,25.16,41.31
19.42,15,Thursday,commercial,19.7,70.98
10.21,11,Tuesday,residential,36.56,16.76
23.99,8,Wednesday,commercial,36.82,66.46
17.06,11,Friday,commercial,29.81,41.2
14.71,17,Friday,residential,32.88,40.26
2.72,17,Saturday,residential,30.47,8.03
18.98,14,Tuesday,commercial,32.38,42.2
3.06,9,Tuesday,residential,20.72,13.29
2.97,13,Friday,commercial,32.07,6.67
8.94,8,Thursday,residential,20.88,38.53
15.2,10,Sunday,commercial,33.73,45.97
16.06,9,Monday,commercial,30.33,54.01
13.14,14,Wednesday,commercial,26.31,35.96
23.77,11,Thursday,residential,18.94,75.3
21.34,5,Friday,residential,19.62,65.26
6.0,18,Saturday,commercial,33.95,18.03
18.43,6,Wednesday,residential,18.14,60.96
10.61,13,Wednesday,commercial,39.72,19.23
17.0,1,Wednesday,commercial,32.6,37.55
8.55,7,Saturday,residential,32.21,15.93
6.32,1,Friday,commercial,21.47,21.19
19.63,20,Monday,residential,36.8,32.01
20.89,16,Sunday,commercial,28.45,52.87
20.61,17,Tuesday,commercial,32.45,64.78
1.47,5,Wednesday,commercial,26.35,4.02
16.2,2,Friday,commercial,25.54,45.67
4.28,7,Thursday,commercial,20.53,15.01
23.09,7,Wednesday,residential,39.04,35.49
14.2,5,Tuesday,residential,28.87,29.51
14.11,16,Saturday,commercial,16.19,62.75
17.88,3,Saturday,commercial,30.2,42.63
9.31,5,Thursday,commercial,39.97,16.77
11.25,15,Monday,commercial,18.37,44.09
19.86,7,Monday,commercial,31.83,44.92
9.01,7,Wednesday,residential,30.92,17.48
15.76,1,Saturday,commercial,15.47,73.35
6.24,14,Friday,commercial,39.19,11.46
12.65,1,Monday,commercial,29.85,30.51
7.07,22,Thursday,residential,18.89,22.46
24.8,16,Tuesday,commercial,30.06,59.4
8.94,15,Friday,commercial,22.9,28.11
5.82,4,Saturday,residential,17.93,19.48
20.55,17,Thursday,residential,22.6,81.84
19.84,5,Friday,residential,27.7,42.97
21.65,5,Tuesday,commercial,37.37,41.71
20.55,22,Wednesday,residential,39.91,30.89
17.6,2,Thursday,residential,29.31,36.03
17.23,3,Monday,residential,18.79,55.02
2.29,16,Friday,commercial,25.94,6.36
16.4,17,Tuesday,commercial,31.38,53.31
24.04,15,Tuesday,residential,31.52,45.76
14.08,1,Wednesday,commercial,15.93,63.64
4.1,18,Sunday,commercial,19.12,21.87
17.57,6,Wednesday,commercial,37.93,33.35
16.35,19,Friday,commercial,22.25,74.95
10.62,1,Sunday,commercial,19.81,38.6
9.85,5,Saturday,commercial,34.5,20.56
4.6,15,Sunday,commercial,27.01,12.26
21.74,11,Thursday,residential,31.73,41.11
11.76,4,Thursday,commercial,32.46,26.09
10.11,0,Friday,commercial,27.46,26.51
12.83,4,Thursday,commercial,15.32,60.3
10.18,10,Sunday,commercial,26.94,38.54
14.62,9,Tuesday,commercial,38.24,39.0
17.07,11,Wednesday,commercial,29.03,42.34
10.92,22,Friday,commercial,27.52,28.57
8.98,6,Wednesday,residential,28.58,18.85
20.17,0,Saturday,residential,24.78,48.84
10.88,16,Friday,commercial,18.57,42.18
24.55,13,Monday,residential,25.07,58.76
4.54,11,Saturday,commercial,19.39,16.86
5.18,3,Friday,commercial,36.6,10.19
16.32,0,Friday,commercial,31.57,37.22
20.93,15,Tuesday,commercial,39.9,37.77
3.51,6,Friday,commercial,35.73,7.07
9.35,11,Tuesday,residential,35.41,15.84
16.6,10,Tuesday,commercial,19.79,85.56
24.26,7,Friday,commercial,22.78,76.68
24.29,23,Friday,residential,32.24,45.2
3.45,21,Wednesday,residential,32.05,6.46
13.41,18,Friday,commercial,15.53,88.08
19.18,5,Wednesday,residential,21.89,52.57
23.34,23,Sunday,commercial,34.18,49.17
20.43,7,Wednesday,residential,30.41,40.31
9.5,18,Monday,residential,16.52,51.76
7.37,5,Friday,commercial,30.01,17.68
10.32,3,Sunday,commercial,38.9,19.1
20.78,0,Saturday,residential,23.31,53.49
1.64,17,Sunday,commercial,16.81,9.95
14.85,0,Thursday,commercial,32.27,33.13
5.86,9,Monday,residential,37.02,14.25
18.8,10,Tuesday,residential,30.25,55.93
4.38,22,Monday,commercial,23.72,13.3
12.35,18,Sunday,residential,30.1,36.93
1.48,11,Saturday,residential,18.8,4.72
23.9,15,Sunday,commercial,15.47,111.23
24.49,0,Thursday,residential,36.69,40.05
4.08,9,Sunday,residential,32.33,11.36
13.42,18,Monday,commercial,20.24,67.63
2.0,0,Tuesday,residential,37.28,3.22
17.31,12,Wednesday,residential,33.14,31.34
14.96,21,Wednesday,residential,24.72,36.31
10.22,6,Friday,commercial,35.82,20.54
8.22,17,Tuesday,commercial,38.78,21.62
3.3,10,Saturday,commercial,37.47,8.98
9.17,8,Thursday,commercial,35.06,26.68
3.05,23,Sunday,residential,28.54,6.41
11.97,14,Friday,residential,25.11,28.6
15.95,11,Wednesday,commercial,33.77,34.01
8.48,21,Friday,commercial,22.87,26.7
4.6,3,Wednesday,residential,34.96,7.89
9.73,15,Monday,commercial,38.67,18.12
22.39,23,Thursday,residential,26.37,50.94
3.72,14,Thursday,commercial,17.4,15.39
11.6,21,Thursday,residential,37.22,18.7
11.59,1,Monday,residential,16.28,42.71
7.28,5,Monday,commercial,15.89,32.99
17.0,3,Wednesday,residential,33.6,30.36
19.87,11,Friday,residential,21.62,55.14
20.48,4,Wednesday,residential,28.42,43.24
8.08,22,Saturday,commercial,27.97,20.8
15.45,6,Wednesday,residential,31.52,29.41
19.68,21,Monday,residential,24.0,49.2
23.71,14,Tuesday,residential,16.01,88.86
14.52,5,Monday,commercial,20.88,50.07
10.38,20,Tuesday,residential,21.66,28.75
16.35,7,Thursday,commercial,38.79,30.35
10.54,22,Wednesday,residential,24.56,25.75
21.07,9,Thursday,commercial,18.55,115.86
9.21,22,Thursday,commercial,20.21,32.81
16.42,19,Friday,residential,18.75,78.82
19.44,14,Saturday,commercial,15.55,90.01
12.78,17,Thursday,residential,27.36,42.04
1.45,8,Wednesday,residential,27.16,4.8
19.05,16,Friday,residential,20.86,54.79
5.6,16,Sunday,commercial,37.52,10.75
16.73,9,Saturday,commercial,21.71,78.6
6.26,2,Saturday,commercial,25.53,17.65
24.89,23,Saturday,commercial,31.5,56.89
22.13,0,Sunday,commercial,22.0,72.43
4.43,11,Sunday,commercial,22.36,14.26
16.03,4,Saturday,residential,21.9,43.92
20.33,13,Thursday,commercial,29.52,49.59
19.4,19,Wednesday,commercial,17.16,115.31
23.84,10,Wednesday,commercial,24.11,100.86
23.98,13,Tuesday,residential,25.89,55.57
18.35,8,Friday,commercial,29.19,64.12
4.0,2,Tuesday,residential,34.09,7.04
17.5,22,Monday,commercial,17.1,73.68
5.49,1,Friday,residential,22.64,14.55
2.7,15,Friday,residential,36.5,4.44
6.83,1,Wednesday,residential,16.26,25.2
8.44,22,Friday,commercial,20.12,30.2
6.87,1,Thursday,residential,19.98,20.63
1.45,15,Friday,residential,25.8,3.37
2.31,10,Thursday,residential,16.27,12.78
21.97,12,Saturday,residential,37.21,35.43
14.12,7,Monday,residential,24.04,35.24
19.16,20,Saturday,residential,25.86,44.45
13.98,7,Sunday,commercial,20.21,49.81
1.5,16,Friday,commercial,32.28,3.35
1.06,1,Monday,commercial,30.31,2.52
4.43,10,Friday,commercial,25.17,17.95
8.01,12,Saturday,residential,39.54,12.15
21.32,12,Wednesday,residential,32.34,39.55
17.79,6,Monday,commercial,27.49,46.59
21.46,19,Wednesday,commercial,31.75,68.94
11.41,7,Friday,commercial,31.7,25.92
19.86,23,Sunday,commercial,19.54,73.18
2.25,5,Tuesday,commercial,19.45,8.33
15.21,5,Monday,commercial,19.07,57.43
8.84,17,Monday,residential,36.11,22.03
11.77,2,Saturday,residential,24.59,28.72
21.73,10,Friday,residential,39.38,49.66
1.29,18,Monday,commercial,28.82,4.57
12.54,7,Friday,commercial,38.85,23.24
2.54,4,Thursday,residential,29.86,5.1
13.59,9,Monday,residential,19.62,62.34
2.0,11,Monday,commercial,34.52,4.17
23.2,4,Friday,commercial,26.82,62.28
12.11,5,Thursday,residential,16.95,42.87
22.06,10,Thursday,commercial,18.53,121.43
1.93,20,Wednesday,commercial,18.82,7.38
4.54,20,Tuesday,residential,27.97,9.74
6.51,6,Sunday,residential,32.91,11.87
17.99,23,Wednesday,commercial,32.7,39.61
20.53,15,Saturday,commercial,15.14,97.63
1.17,23,Saturday,commercial,33.32,2.53
14.41,5,Tuesday,commercial,37.02,28.03
10.73,7,Saturday,residential,30.36,21.21
15.81,4,Monday,residential,28.42,33.38
15.48,12,Friday,commercial,26.38,42.25
20.06,21,Thursday,commercial,17.42,82.91
10.16,22,Friday,commercial,15.72,46.53
13.23,8,Tuesday,commercial,19.07,70.76
4.42,10,Thursday,residential,30.91,12.87
10.79,7,Sunday,commercial,32.43,23.96
17.34,9,Thursday,residential,39.06,39.95
9.68,6,Saturday,commercial,37.16,18.76
14.83,4,Sunday,residential,33.34,26.69
11.88,23,Thursday,commercial,32.65,26.2
19.37,10,Thursday,commercial,27.41,72.08
1.87,6,Tuesday,residential,23.04,4.87
9.28,1,Monday,residential,23.12,24.08
19.92,4,Sunday,residential,20.22,59.11
22.95,10,Wednesday,residential,28.45,72.6
6.06,23,Sunday,residential,28.61,12.71
10.6,17,Saturday,residential,30.11,31.68
3.72,6,Sunday,residential,30.03,7.43
22.43,23,Friday,residential,34.37,39.16
16.58,4,Tuesday,commercial,23.06,51.77
7.66,8,Thursday,commercial,26.48,29.51
5.64,15,Wednesday,residential,24.94,13.57
19.65,3,Tuesday,residential,27.99,42.12
8.02,9,Wednesday,residential,22.57,31.98
1.27,0,Friday,commercial,30.31,3.02
4.08,20,Friday,commercial,37.21,7.89
11.42,2,Saturday,commercial,21.23,38.73
11.0,2,Friday,commercial,28.37,27.92
21.68,5,Wednesday,commercial,23.33,66.91
6.66,16,Monday,residential,29.37,13.61
1.37,3,Thursday,residential,33.87,2.43
18.58,4,Tuesday,commercial,22.17,60.34
22.82,21,Wednesday,commercial,29.67,55.38
20.53,22,Friday,residential,37.3,33.02
23.06,2,Monday,residential,34.26,40.39
14.27,0,Friday,commercial,23.08,44.52
10.41,13,Wednesday,commercial,24.1,31.1
16.3,23,Sunday,commercial,33.82,34.7
20.63,6,Wednesday,commercial,39.77,37.35
7.25,11,Saturday,commercial,36.54,14.29
21.9,10,Thursday,residential,31.96,61.67
23.6,17,Tuesday,residential,16.8,126.43
9.72,17,Monday,commercial,32.64,30.38
15.03,20,Sunday,residential,33.09,27.25
22.1,17,Wednesday,residential,31.67,62.8
15.56,19,Thursday,residential,34.04,41.14
15.15,4,Wednesday,residential,29.36,30.96
4.13,0,Thursday,residential,24.8,9.99
19.73,21,Thursday,commercial,32.13,44.21
11.71,23,Monday,residential,25.79,27.24
10.35,19,Thursday,commercial,22.34,47.26
4.5,16,Saturday,commercial,21.45,15.1
11.98,9,Saturday,residential,19.83,54.37
20.74,17,Friday,residential,15.91,117.32
8.77,17,Friday,residential,30.83,25.6
6.79,19,Sunday,residential,21.33,28.65
20.99,4,Sunday,commercial,32.91,45.92
6.0,19,Monday,residential,24.04,22.46
10.9,20,Monday,residential,27.19,24.05
12.24,13,Monday,commercial,27.77,31.73
6.98,4,Friday,commercial,27.38,18.36
4.71,1,Saturday,commercial,28.11,12.06
18.23,15,Thursday,commercial,19.02,69.01
4.43,5,Tuesday,residential,20.86,12.74
23.41,2,Sunday,residential,39.64,35.43
10.61,18,Monday,residential,30.01,31.82
24.2,3,Wednesday,commercial,39.98,43.58
18.07,5,Wednesday,commercial,21.36,60.91
20.4,6,Thursday,commercial,30.33,48.43
10.73,2,Thursday,residential,26.64,24.17
20.25,8,Thursday,residential,23.01,79.2
23.61,20,Saturday,residential,37.4,37.88
16.87,15,Saturday,residential,25.62,39.51
18.3,6,Thursday,commercial,27.46,47.98
7.76,23,Monday,residential,20.71,22.48
6.44,15,Tuesday,residential,23.83,16.21
23.04,4,Monday,commercial,19.85,83.57
2.49,9,Tuesday,commercial,32.87,7.73
3.14,18,Monday,commercial,30.82,10.39
4.65,17,Friday,commercial,27.31,17.37
24.46,10,Thursday,commercial,28.11,88.76
12.49,15,Saturday,residential,35.1,21.35
5.82,12,Monday,residential,27.63,12.64
5.59,21,Wednesday,residential,15.59,21.51
1.31,1,Saturday,commercial,21.03,4.49
14.53,8,Wednesday,commercial,39.86,37.18
14.97,1,Thursday,commercial,35.79,30.12
21.39,8,Saturday,residential,16.06,119.87
23.86,16,Friday,residential,35.77,40.02
18.34,14,Thursday,commercial,23.36,56.53
23.66,23,Monday,residential,34.34,41.34
6.7,20,Tuesday,residential,26.42,15.22
1.81,6,Saturday,residential,22.22,4.89
4.94,21,Thursday,residential,17.11,17.32
15.32,15,Wednesday,residential,32.47,28.31
10.38,1,Saturday,residential,17.93,34.74
10.28,16,Wednesday,commercial,15.25,48.54
15.89,14,Tuesday,residential,32.05,29.75
14.6,6,Thursday,residential,25.05,34.97
5.78,6,Monday,residential,31.49,11.01
23.98,22,Saturday,commercial,34.17,50.53
22.85,11,Sunday,residential,33.75,40.62
14.77,14,Saturday,residential,21.36,41.49
3.5,14,Monday,commercial,37.01,6.81
16.32,22,Tuesday,residential,19.01,51.51
3.77,21,Saturday,residential,36.58,6.18
20.53,0,Saturday,commercial,16.38,90.24
8.46,11,Thursday,residential,31.41,16.16
5.96,21,Thursday,residential,21.24,16.84
4.8,14,Wednesday,residential,25.54,11.28
17.92,10,Wednesday,residential,15.45,104.39
16.53,17,Monday,commercial,16.68,101.08
5.5,4,Saturday,commercial,26.41,14.99
2.89,10,Wednesday,commercial,30.15,9.78
5.8,10,Friday,commercial,35.76,16.54
18.94,8,Sunday,commercial,21.36,90.44
11.55,17,Tuesday,commercial,17.84,66.04
9.19,10,Saturday,residential,22.4,36.92
23.38,4,Monday,commercial,39.03,43.13
5.69,15,Friday,commercial,24.71,16.58
23.53,20,Saturday,residential,23.18,60.91
13.3,10,Saturday,residential,32.67,36.64
20.07,9,Monday,residential,32.55,55.49
3.62,14,Sunday,residential,34.47,6.3
15.19,16,Thursday,residential,18.0,50.63
7.27,6,Sunday,residential,18.84,23.15
23.64,16,Tuesday,residential,22.68,62.54
17.81,17,Sunday,commercial,19.17,94.76
23.22,17,Tuesday,commercial,28.22,83.93
19.14,21,Thursday,commercial,27.05,50.95
9.05,1,Monday,residential,33.79,16.07
17.04,18,Tuesday,commercial,15.5,112.13
16.71,16,Friday,residential,23.98,41.81
2.76,19,Sunday,residential,32.37,7.67
24.67,21,Friday,commercial,21.64,82.08
24.45,21,Friday,commercial,28.61,61.53
3.86,13,Sunday,residential,18.51,12.51
17.83,22,Wednesday,commercial,39.07,32.86
9.72,20,Tuesday,residential,37.1,15.72
9.21,17,Saturday,commercial,21.06,44.61
9.38,17,Sunday,residential,39.1,21.59
19.42,20,Saturday,residential,36.19,32.2
11.68,0,Wednesday,residential,18.24,38.42
2.03,5,Sunday,residential,20.39,5.97
6.78,20,Tuesday,commercial,36.87,13.24
23.52,11,Saturday,commercial,26.11,64.86
17.07,22,Friday,residential,37.25,27.5
7.7,5,Thursday,commercial,34.07,16.27
5.04,2,Sunday,commercial,39.17,9.26
2.19,13,Tuesday,commercial,28.38,5.56
1.08,3,Tuesday,residential,17.75,3.65
23.5,0,Monday,commercial,39.39,42.96
7.46,3,Wednesday,residential,21.02,21.29
10.96,21,Saturday,commercial,26.16,30.17
17.77,4,Tuesday,residential,22.6,47.18
22.74,21,Monday,residential,18.04,75.63
3.68,17,Thursday,commercial,22.88,16.41
19.62,13,Sunday,residential,17.75,66.32
15.34,15,Tuesday,residential,25.79,35.69
24.81,13,Saturday,residential,19.8,75.18
15.84,19,Tuesday,residential,24.57,58.02
14.32,10,Tuesday,residential,32.57,39.57
24.37,0,Friday,residential,23.34,62.65
11.5,15,Tuesday,commercial,26.05,31.79
15.45,1,Saturday,residential,17.7,52.37
9.52,14,Tuesday,commercial,38.18,17.95
18.5,9,Saturday,commercial,37.52,50.29
12.47,7,Sunday,commercial,39.73,22.6
1.74,5,Thursday,residential,39.7,2.63
14.8,9,Friday,residential,31.2,42.69
1.78,6,Saturday,residential,36.87,2.9
10.17,15,Monday,residential,31.29,19.5
23.49,23,Wednesday,commercial,16.05,105.38
4.49,13,Tuesday,commercial,20.1,16.08
23.26,4,Monday,residential,28.35,49.23
2.68,14,Wednesday,commercial,17.75,10.87
14.41,20,Friday,residential,18.03,47.95
8.36,21,Friday,commercial,18.2,33.07
8.61,16,Sunday,residential,20.67,24.99
12.67,14,Monday,commercial,29.36,31.07
4.7,23,Sunday,commercial,33.96,9.96
2.22,6,Saturday,residential,30.35,4.39
18.36,8,Tuesday,residential,30.95,53.39
2.25,3,Wednesday,commercial,28.38,5.71
8.02,23,Wednesday,commercial,33.35,17.31
3.32,1,Saturday,commercial,35.33,6.77
11.7,21,Friday,residential,36.51,19.23
13.88,15,Wednesday,residential,33.39,24.94
2.35,6,Friday,commercial,25.67,6.59
17.39,4,Friday,commercial,30.93,40.48
18.07,18,Wednesday,residential,22.43,72.51
15.12,20,Thursday,commercial,32.1,33.91
16.88,8,Sunday,commercial,38.49,44.73
23.3,11,Tuesday,commercial,36.9,45.46
23.31,20,Friday,commercial,28.84,58.19
5.49,11,Monday,residential,35.2,9.36
5.12,20,Tuesday,commercial,15.78,23.36
19.52,8,Monday,residential,36.65,47.93
14.31,17,Friday,residential,29.19,44.12
9.69,19,Thursday,commercial,37.0,26.71
21.76,16,Friday,residential,28.52,45.78
12.97,6,Tuesday,residential,17.44,44.62
20.9,22,Wednesday,commercial,15.52,96.96
1.86,16,Saturday,commercial,24.26,5.52
4.08,11,Thursday,commercial,30.85,9.52
19.01,16,Wednesday,commercial,34.46,39.72
16.03,18,Sunday,commercial,19.52,83.76
19.39,15,Saturday,commercial,32.07,43.53
21.74,0,Thursday,commercial,27.71,56.49
7.37,7,Friday,residential,18.54,23.85
12.0,21,Thursday,residential,25.46,28.28
17.43,22,Wednesday,commercial,24.93,50.34
4.06,6,Sunday,commercial,32.93,8.88
12.1,16,Wednesday,commercial,21.8,39.96
19.39,23,Tuesday,commercial,15.01,93.01
20.13,2,Monday,commercial,24.7,58.68
13.0,4,Saturday,residential,22.72,34.33
14.24,17,Wednesday,residential,19.3,66.4
2.25,12,Sunday,residential,17.05,7.92
5.85,3,Thursday,residential,29.63,11.85
23.74,23,Friday,residential,26.12,54.53
7.04,2,Saturday,residential,16.36,25.82
2.56,10,Tuesday,commercial,38.2,6.84
11.9,14,Monday,commercial,17.16,49.93
6.23,7,Thursday,residential,35.45,10.54
16.94,23,Monday,commercial,39.63,30.78
2.11,11,Thursday,commercial,25.83,5.88
18.88,21,Monday,residential,36.0,31.47
13.0,5,Wednesday,residential,30.66,25.44
1.15,6,Tuesday,commercial,32.16,2.57
3.25,7,Tuesday,commercial,23.57,9.93
4.57,13,Wednesday,commercial,25.86,12.72
1.29,5,Friday,residential,15.07,5.14
21.57,10,Thursday,commercial,27.76,79.26
24.69,23,Saturday,residential,31.81,46.57
19.12,20,Wednesday,commercial,30.65,44.91
21.69,11,Sunday,commercial,27.61,56.56
13.02,6,Monday,residential,28.11,27.79
22.14,11,Wednesday,residential,21.54,61.67
18.53,0,Wednesday,commercial,28.54,46.75
18.05,16,Thursday,commercial,35.73,36.37
8.52,23,Wednesday,commercial,31.22,19.65
2.15,6,Tuesday,commercial,25.81,6.0
21.39,8,Saturday,commercial,15.53,140.49
13.16,22,Thursday,residential,17.64,44.76
22.63,19,Thursday,commercial,27.11,85.14
8.9,17,Wednesday,commercial,19.54,46.46
13.57,9,Wednesday,commercial,18.7,74.02
24.71,6,Saturday,residential,22.91,64.71
18.27,21,Thursday,residential,33.78,32.45
5.09,9,Saturday,residential,16.87,27.15
14.27,5,Sunday,residential,26.32,32.53
21.16,10,Wednesday,residential,32.65,58.33
12.42,13,Sunday,residential,39.61,18.81
6.21,17,Tuesday,residential,23.26,24.03
21.1,6,Friday,commercial,31.99,47.49
24.11,22,Saturday,residential,35.25,41.04
14.26,22,Thursday,residential,19.75,43.32
7.05,11,Sunday,residential,32.94,12.84
20.38,21,Tuesday,commercial,20.25,72.46
19.87,19,Sunday,residential,26.35,67.87
24.76,0,Monday,commercial,22.06,80.81
22.87,19,Tuesday,commercial,20.63,113.08
15.2,9,Monday,commercial,27.32,56.75
10.39,11,Saturday,commercial,35.66,20.98
18.32,23,Monday,commercial,28.4,46.45
17.56,13,Wednesday,commercial,33.86,37.34
3.2,6,Friday,commercial,24.73,9.32
10.86,13,Friday,commercial,28.97,26.99
11.5,22,Saturday,commercial,33.82,24.48
17.5,12,Thursday,commercial,38.33,32.87
21.01,15,Tuesday,residential,23.38,53.92
4.95,12,Monday,residential,34.36,8.64
19.4,6,Tuesday,residential,19.81,58.76
11.85,3,Thursday,residential,36.36,19.55
7.19,16,Monday,residential,35.56,12.13
14.66,19,Sunday,residential,36.81,35.84
14.39,12,Tuesday,commercial,21.14,49.01
17.15,18,Monday,residential,37.98,40.64
8.88,6,Sunday,commercial,16.54,38.66
23.93,19,Sunday,commercial,23.89,102.17
5.68,12,Thursday,residential,19.89,17.13
8.23,13,Thursday,commercial,17.92,33.07
7.62,6,Friday,commercial,15.65,35.06
18.0,19,Thursday,commercial,17.11,107.31
12.46,16,Sunday,residential,37.28,20.05
6.89,18,Tuesday,residential,36.19,17.13
24.96,14,Wednesday,commercial,23.37,76.9
7.43,1,Wednesday,commercial,23.28,22.98
5.47,2,Thursday,residential,30.54,10.75
8.19,22,Saturday,commercial,18.85,31.28
23.43,15,Tuesday,residential,38.66,36.36
23.56,13,Thursday,commercial,25.08,67.64
23.28,6,Thursday,commercial,22.14,75.71
21.92,22,Friday,commercial,38.61,40.88
8.89,0,Wednesday,commercial,36.51,17.53
10.46,0,Saturday,commercial,19.47,38.68
16.17,12,Friday,commercial,29.82,39.04
10.73,6,Saturday,residential,19.42,33.15
21.71,11,Thursday,commercial,28.65,54.56
12.85,4,Friday,residential,32.11,24.01
15.16,15,Saturday,commercial,27.75,39.33
14.25,11,Friday,commercial,38.33,26.77
23.72,8,Friday,commercial,33.23,72.81
12.06,20,Thursday,residential,15.04,48.11
8.56,12,Tuesday,residential,17.08,30.07
3.13,6,Friday,residential,16.01,11.73
22.12,23,Monday,residential,33.76,39.31
11.41,19,Friday,commercial,26.22,44.39
5.86,19,Tuesday,residential,18.53,28.46
8.43,3,Sunday,residential,33.57,15.07
23.59,13,Sunday,residential,28.75,49.23
8.5,0,Tuesday,commercial,18.12,33.77
4.56,6,Tuesday,residential,15.21,17.99
12.58,10,Tuesday,commercial,22.3,57.54
13.32,23,Sunday,commercial,39.89,24.04
21.08,9,Tuesday,commercial,35.99,59.74
9.81,23,Tuesday,commercial,38.01,18.58
13.23,9,Tuesday,commercial,19.04,70.88
6.28,2,Thursday,residential,32.14,11.72
19.32,6,Tuesday,residential,37.28,31.09
15.24,21,Wednesday,residential,24.78,36.9
14.59,9,Saturday,commercial,23.75,62.66
11.42,23,Thursday,commercial,24.78,33.18
12.95,18,Wednesday,residential,31.53,36.96
17.06,12,Monday,residential,25.44,40.24
5.19,8,Thursday,commercial,23.27,22.75
15.23,14,Tuesday,residential,32.66,27.98
12.19,16,Friday,residential,35.06,20.86
20.22,0,Wednesday,commercial,22.63,64.33
4.81,5,Saturday,residential,17.2,16.78
3.31,0,Thursday,residential,23.4,8.49
19.62,19,Saturday,commercial,36.0,55.59
12.91,6,Monday,residential,17.68,43.81
16.95,1,Sunday,commercial,18.98,64.3
10.14,20,Friday,commercial,35.56,20.53
6.93,0,Thursday,residential,34.09,12.2
22.34,2,Saturday,residential,19.46,68.88
19.68,14,Wednesday,residential,18.42,64.1
19.92,12,Monday,commercial,37.63,38.11
4.26,17,Monday,residential,21.58,17.77
7.93,11,Wednesday,residential,36.17,13.15
18.29,8,Monday,commercial,25.34,73.62
11.9,2,Saturday,commercial,18.47,46.39
9.76,23,Saturday,commercial,22.99,30.57
11.62,20,Wednesday,commercial,35.09,23.84
13.98,0,Friday,residential,19.99,41.96
23.35,15,Monday,commercial,36.17,46.48
22.08,12,Sunday,commercial,19.45,81.74
13.69,15,Saturday,residential,15.01,54.72
13.35,23,Tuesday,residential,15.8,50.7
17.4,3,Tuesday,commercial,34.49,36.32
7.47,5,Saturday,residential,16.63,26.95
12.52,22,Monday,commercial,28.39,31.75
6.28,9,Friday,residential,37.72,14.98
24.23,13,Wednesday,residential,18.61,78.12
7.46,14,Friday,commercial,23.49,22.87
3.2,5,Thursday,commercial,25.57,9.01
6.96,8,Saturday,commercial,16.48,43.08
22.22,4,Saturday,residential,39.75,33.54
18.63,19,Thursday,residential,34.65,48.39
16.49,5,Friday,commercial,34.74,34.18
13.03,21,Saturday,commercial,28.68,32.71
19.37,4,Sunday,residential,23.12,50.27
1.37,0,Friday,commercial,29.4,3.36
6.56,18,Thursday,commercial,26.25,25.49
23.41,0,Monday,residential,39.78,35.31
15.81,2,Monday,residential,16.27,58.3
18.99,17,Monday,commercial,28.95,66.91
22.5,10,Sunday,commercial,21.84,105.08
11.83,16,Monday,commercial,34.63,24.6
18.51,14,Monday,residential,24.9,44.6
14.01,1,Thursday,residential,20.4,41.21
11.31,8,Saturday,residential,28.35,35.9
2.91,23,Tuesday,commercial,39.14,5.35
4.08,19,Wednesday,residential,29.73,12.35
21.05,21,Sunday,residential,21.51,58.72
1.28,7,Wednesday,commercial,19.33,4.77
20.54,17,Wednesday,residential,18.42,100.36
10.88,5,Friday,commercial,19.01,41.21
16.16,8,Tuesday,commercial,16.99,97.02
2.0,22,Tuesday,residential,32.75,3.66
21.45,13,Saturday,commercial,33.07,46.7
14.97,7,Saturday,commercial,30.95,34.83
14.32,17,Wednesday,residential,27.87,46.24
9.76,11,Saturday,commercial,38.88,18.07
7.71,11,Friday,commercial,22.19,25.02
15.19,21,Wednesday,commercial,18.52,59.05
11.65,12,Thursday,commercial,39.85,21.05
24.81,11,Wednesday,commercial,30.44,58.68
12.46,16,Monday,residential,18.92,39.51
13.34,9,Tuesday,commercial,26.3,51.74
15.32,0,Sunday,commercial,23.01,47.94
1.27,14,Tuesday,commercial,36.86,2.48
19.48,12,Friday,commercial,35.92,39.05
24.19,20,Tuesday,residential,37.27,38.94
9.31,22,Friday,residential,16.31,34.25
14.48,15,Tuesday,residential,34.05,25.52
23.68,2,Saturday,residential,17.04,83.38
22.71,5,Saturday,residential,30.8,44.24
12.75,7,Friday,commercial,21.07,43.57
5.26,15,Tuesday,commercial,30.77,12.31
24.33,2,Wednesday,commercial,17.16,102.08
3.63,22,Monday,commercial,39.37,6.64
14.5,19,Wednesday,commercial,15.22,97.17
1.2,19,Saturday,residential,35.23,3.07
19.3,4,Wednesday,residential,36.83,31.44
2.23,15,Tuesday,commercial,28.11,5.71
